Workbook
Name Acs: Constants!$B$33
Name Adc: Loop_Modeling!$B$38
Name Adc_ea: Loop_Modeling!$B$62
Name ADC_VINmin: Variable_Management!$B$160
Name CCOMP: Variable_Management!$B$225
Name CCOMP_Calc: Variable_Management!$B$224
Name CCOMP_calc_CCM: Variable_Management!$B$189
Name CCOMP_CALC_DCM: Variable_Management!$B$215
Name CHF: Variable_Management!$B$227
Name CHF_calc: Variable_Management!$B$226
Name CHF_CALC_CCM: Variable_Management!$B$190
Name CHF_CALC_DCM: Variable_Management!$B$216
Name Comp_calc_CCM: Variable_Management!$B$189
Name Cout: Variable_Management!$B$110
Name Cout_min: Variable_Management!$B$108
Name D_limit_max: Constants!$B$18
Name D_limit_min: Constants!$B$16
Name D_limit_nom: Constants!$B$17
Name DC_DCM_max: Variable_Management!$B$39
Name Dc_max_IC: Variable_Management!$B$23
Name Dc_max_ideal: Variable_Management!$A$22
Name DC_rip: Variable_Management!$B$32
Name Dc_rip_max: Variable_Management!$B$31
Name Dc_VIN_max: Variable_Management!$B$71
Name Dc_VIN_min: Variable_Management!$B$55
Name Dc_VIN_nom: Variable_Management!$B$63
Name DC_VIN_var_DCM: Loop_Modeling!$B$70
Name EFF_est: Variable_Management!$B$16
Name Eff_vs_IOUT: Plot_Management_Eff!$C$3
Name fcross: Variable_Management!$B$220
Name fcross_est: Variable_Management!$B$219
Name fp_ea_est: Variable_Management!$B$182
Name Fsw: Variable_Management!$B$10
Name fz_ea_est: Variable_Management!$B$181
Name fz_rhp: Variable_Management!$B$169
Name Gcomp: Constants!$B$32
Name Gea_mid_calc: Variable_Management!#REF!
Name gfs: Variable_Management!$B$243
Name gm_ea: Constants!$B$37
Name Gplant_fc_dB: Loop_Modeling!$AD$7
Name IIN_33: Variable_Management!$B$35
Name IL_avg_VIN_max: Variable_Management!$B$73
Name IL_avg_VIN_min: Variable_Management!$B$57
Name IL_avg_VIN_nom: Variable_Management!$B$65
Name IL_pk: Variable_Management!$B$94
Name IL_pk_max: Variable_Management!$B$95
Name ILp_VINmax: Variable_Management!$B$75
Name ILp_VINmin: Variable_Management!$B$59
Name ILp_VINnom: Variable_Management!$B$67
Name ILrip: Variable_Management!$B$30
Name ILrip_VINmax: Variable_Management!$B$74
Name ILrip_VINmin: Variable_Management!$B$58
Name ILrip_VINnom: Variable_Management!$B$66
Name IOUT: Variable_Management!$B$13
Name IOUT_VAR: Loop_Modeling!$B$17
Name Ipk_margin: Variable_Management!$B$78
Name Ipk_selected: Variable_Management!$B$80
Name IQ: Constants!$B$58
Name IRMS_COUT: Variable_Management!$B$109
Name Isl: Constants!$B$26

Sheet Design Converter
E1: LM5123 BOOST Controller Design Tool
A3: ABOUT | F3: =Input Box | O3: TERMS OF USE
O5: Rev 0.2 | P5: December-2021
A6: Step 1: Design Specifications
G7: Minimum Input Supply Voltage , VSUPPLY(min) | H7: 10 | I7: V
G8: Typical Input Supply Voltage, VSUPPLY(typ) | H8: 3 | I8: V
G9: Maximum Input Supply Voltage , VSUPPLY(max) | H9: 16 | I9: V
G10: Output Target Voltage, VLOAD | H10: 50 | I10: V
G11: Maximum Output Current , ILOAD | H11: 4.5 | I11: A
G12: Light load operation switching mode | H12: DEM
G13: Free Running Switching Frequency, FSW | H13: 440 | I13: kHz
G14: Free running Oscillator Set Resistor, RT | H14: =RT/1000 -> 49.272273 | I14: kΩ
G15: Output Power, POUT | H15: =POUT -> 225 | I15: W
G16: Boost Converter Duty Cycle Limit of LM5123 at VSUPPLY(MIN) | H16: =Dc_max_IC*100 -> 88 | I16: %
G17: Ideal Duty Cycle at VSUPPLY(MIN) | H17: =Variable_Management!B22*100 -> 80 | I17: %
A19: Step 2: Filter Inductor
G20: Switching mode at VSUPPLY(min) | H20: =CHOOSE(Variable_Management!B25, "DCM","CCM") -> CCM
G21: =CHOOSE(Variable_Management!B25,"Maximum duty cycle at the minimum supply voltage","Desired Maximum Inductor Current Ripple Ratio") -> Desired Maximum Inductor Current Ripple Ratio | H21: 20 | I21: %
G22: Recommended Inductance (LM_CALC) | H22: =CHOOSE(Variable_Management!B25,Variable_Management!B45*10^9,Variable_Management!B45*10^6) -> 8.7919192 | I22: =CHOOSE(Variable_Management!B25,"nH","uH") -> uH
G23: User Selection. Inductance, (LM) | H23: 10 | I23: =CHOOSE(Variable_Management!B25,"nH","uH") -> uH
G24: Max Inductor DCR, RDCR | H24: 7.5 | I24: mΩ
G25: Peak inductor current, ILPK | H25: =ILp_VINmin -> 23.409091 | I25: A
A27: Step 3: Current Sense Resistor Selection
G28: Peak Current Limit Margin | H28: 30 | I28: %
G29: Selected Peak Current limit(ILPK_select) | H29: =Ipk_selected -> 31.971292 | I29: A
G30: Recommended current sense Resistor (RS) | H30: =Variable_Management!B87*1000 -> 1.8766836 | I30: mΩ
G31: Selected current sense Resistor (RS) | H31: 2 | I31: mΩ
G32: Actual inductor peak current limit | H32: =IL_pk_max -> 30 | I32: A
A34: Step 4: Output Capacitor Selection
G35: Desired load step ripple voltage (ΔvOUT) | H35: 500 | I35: mV
G36: Minimum output capacitance | H36: =Cout_min*10^6 -> 506.25 | I36: uF
G37: Selected Output Capacitance (COUT) | H37: 470 | I37: uF
G38: Equivalent COUT ESR (RESR) | H38: 35 | I38: mΩ
A40: Step 6: Soft-Start Capacitor Selection
G41: Suggested minimum soft-start capacitor (CSS_MIN) | H41: =Variable_Management!B117*(10^9) -> 104.44444 | I41: nF
G42: Desied soft-start time at minimum input voltage (TSS) | H42: 10 | I42: ms
G43: Calculated soft-start capacitor (CSS) | H43: =Variable_Management!B119*(10^9) -> 250 | I43: nF
A45: Step 5: UVLO Resistor Divider Selection
G46: Desired voltage On (VUVLO_ON) | H46: 8 | I46: V
G47: Desired voltage OFF (VUVLO_OFF) | H47: 7 | I47: V
G48: Calculated top UVLO resistor value (RUVT_CALC) | H48: =Ruvlo_top_calc/1000 -> 81.818182 | I48: kΩ
G49: Selected top UVLO resistor value (RUVT) | H49: 80.6 | I49: kΩ
G50: Bottom UVLO Resistor (RUVB) | H50: =Ruvlo_bottom_calc/1000 -> 12.849275 | I50: kΩ
A53: Step 7: Loop Compensation
G54: Voltage selected (VIN_VAR) | H54: =VIN_nom&"V" -> 3V
G55: VREF Resistor Selection
G56: Suggested output voltage range | H56: =CHOOSE(VOUT_range,"Low","High") -> High
G57: Track pin voltage to set the output voltage (VTRK) | H57: =VTRK -> 0.83333333 | I57: V
G58: Minimum value for (RVREFT_min) | H58: =Variable_Management!B144/1000 -> 3.3333333 | I58: kΩ
G59: Maximum value for (RVREFT_max) | H59: =Variable_Management!B143/1000 -> 5.8333333 | I59: kΩ
G60: Select a top VREF resistor between RVREFT_min and RVREFT_max (RVREFT) | H60: 21 | I60: kΩ
G61: Calculated bottom feedback resistor (RVREFB_calc) | H61: =RFBB_calc/1000 -> 105 | I61: kΩ
G62: Select a bottomresistor based on calculated balue(RVREFB) | H62: 14 | I62: kΩ
G64: Suggested bandwidth (FCO_calc) | H64: =fcross_est/1000 -> 1.4147106 | I64: kHz
G65: Selected bandwidth (FCO) | H65: 1.4 | I65: kHz
F67: Calculated | H67: Selected
E68: RCOMP | F68: =RCOMP_Calc/1000 -> 23.774877 | G68: kΩ | H68: 35.6 | I68: kΩ
E69: CCOMP | F69: =CCOMP_Calc*(10^9) -> 21.799643 | G69: nF | H69: 3.3 | I69: nF
E70: CHF | F70: =CHF_calc*(10^12) -> 171.02738 | G70: pF | H70: 100 | I70: pF
A72: Efficiency / Power Loss Analyzer
A74: Low-Side MOSFET Parameters (QLS)
G75: On-State Resistance, RDS(on) | H75: 37.2 | I75: mΩ
G76: Total Gate Charge, QG | H76: 10 | I76: nC
G77: Gate-Drain Charge, QGD | H77: 2.4 | I77: nC
G78: Gate-Source Charge, QGS | H78: 4.5 | I78: nC
G79: Gate Resistance, RG | H79: 0 | I79: Ω
G80: Gate-Source Threshold Voltage, VTH | H80: 1.7 | I80: V
A82: High-Side MOSFET Parameters (QHS)
G83: On-State Resistance, (RDS(on)) | H83: 8.8 | I83: mΩ
G84: Total Gate Charge, (QG) | H84: 10 | I84: nC
G85: Gate-Drain Charge, (QGD) | H85: 2.4 | I85: nC
G86: Gate-Source Charge, (QGS) | H86: 4.5 | I86: nC
G87: Gate Resistance, (RG) | H87: 0 | I87: Ω
G88: Gate-Source Threshold Voltage, (VTH) | H88: 1.7 | I88: V
G89: Body Diode Reverse Recovery Charge (QRR) | H89: 33 | I89: nC
G90: Body Diode Forward Voltage Drop (VD_BD) | H90: 0.8 | I90: V

Sheet Variable_Management
A1: EXCEL Variables Names/Calculations
B2: Input from user =
B3: Output = | F3: Base Calculations of | G3: Spec conditions | H3: Normal
B4: Constant
A5: Variable Name | B5: Value | C5: STD Units | E5: Notes | J5: Iteration | K5: Flag
A6: Step 1: Operational Specs
A7: VIN_min | B7: ='Design Converter'!H7 -> 10 | C7: V | E7: Minimum input voltage
A8: VIN_nom | B8: ='Design Converter'!H8 -> 3 | C8: V | E8: Nominal input voltage | K8: =IF(VIN_min<VIN_min,1,IF(VIN_nom>VIN_max,1,0)) -> 0
A9: VIN_max | B9: ='Design Converter'!H9 -> 16 | C9: V | E9: Maximum input voltage
A10: Fsw | B10: ='Design Converter'!H13*1000 -> 440000 | C10: Hz | E10: Switching frequnecy
A11: RT | B11: =((2.21*10^10)/Fsw)-955 -> 49272.273 | C11: Ω | E11: Oscillator Set resistor. Based on the datasheet equation
A12: VOUT | B12: ='Design Converter'!H10 -> 50 | C12: V | E12: Target Output Voltage
A13: IOUT | B13: ='Design Converter'!H11 -> 4.5 | C13: A | E13: Maximum Output current
A14: ROUT | B14: =VOUT/IOUT -> 11.111111 | C14: Ω | E14: Minimum load resistance
A15: POUT | B15: =VOUT*IOUT -> 225 | C15: W | E15: Total output power
A16: EFF_est | B16: 1 | E16: Estimated efficiency. Assuming 100% simplify the calculations
A17: Np | B17: 1 | E17: number of phases in operation (For the LM5123 only one phase is possilbe with out external circuts)
A19: VOUT_range | B19: =IF(VOUT<=15,1,2) -> 2 | E19: Sets the feedback divider. Unique to the LM5123 topology (1 = low voltage <=15V, 2 = high voltage >15V)
A20: SW_mode | B20: =IF('Design Converter'!H12="FPWM",3,IF('Design Converter'!H12="DEM",2,1)) -> 2 | E20: selected switching mode (1 = SKIP, 2 = DEM, 3 =FPWM) Will change the effieciency calculations accordingly
A22: Dc_max_ideal | B22: =1-VIN_min*EFF_est/VOUT -> 0.8 | E22: Maximum duty cycle at the minimum input voltage. Includes estimated efficiency for margin
A23: Dc_max_IC | B23: =Constants!B20-0.02 -> 0.88 | E23: Maximum IC duty cycle. Based on the forced off time and frequency. Give the equation about 2% margin to allow for losses in the controller
A25: DCM_Flag | B25: =IF(B22>Dc_max_IC,1,2) -> 2 | E25: 1: DCM operation required at VINmin to achieve the step-up ratio. | K25: =IF(B25=1,1,0) -> 0
E26: 2: CCM operation can achieve step-up ratio with out violating the maximum duty cycle
A28: Step 2: Filter Inductor | E28: =AND((1-(VIN_max/VOUT))<Dc_rip_max,(1-(VIN_min/VOUT))<Dc_rip_max) -> FALSE
A29: CCM Operation calculations
A30: ILrip | B30: ='Design Converter'!H21/100 -> 0.2 | E30: Selected indutor ripple ratio. Will be changed later to a standard value just to keep things simple
A31: Dc_rip_max | B31: 0.33 | C31: % | E31: Peak ripple ratio: Boost this happens at 33%
A32: DC_rip | B32: =IF(AND((1-(VIN_max/VOUT))<Dc_rip_max,(1-(VIN_min/VOUT))>=Dc_rip_max),Dc_rip_max,IF((1-(VIN_max/VOUT))>Dc_rip_max,(1-(VIN_max/VOUT)),IF((1-(VIN_min/VOUT))<Dc_rip_max,(1-(VIN_min/VOUT)),0.33))) -> 0.68
A33: VIN_33 | B33: =VOUT*(1-DC_rip) -> 16 | C33: V | E33: Input voltage at maximum ripple duty cycle. If maximum input voltage Dc is >.33 this value will be used
A35: IIN_33 | B35: =(VOUT*IOUT)/(VIN_33) -> 14.0625 | C35: A | E35: Input current at maximum ripple duty cycle
A36: Lopt_2 | B36: =(VIN_33*DC_rip)/(IIN_33*ILrip*Fsw) -> 8.7919192e-06 | C36: H | E36: This value used to make the selection for CCM calculations
A38: DCM Operation calculations
A39: DC_DCM_max | B39: ='Design Converter'!H21/100 -> 0.2 | E39: Maximum duty cycle for DCM operation. 70% is a good starting point. Could be related to the switching frequency
A40: L_DCM_DC | B40: =((DC_DCM_max^2)*(VIN_min^2))/(2*IOUT*VOUT*Fsw-2*IOUT*VIN_min*Fsw) -> 2.5252525e-08 | C40: H | E40: Select DCM duty cycle to be 70%. This will keep the ripple current fairly low and allow for efficiency drops.
A41: M_L_DCM | B41: 0.2 | E41: Margin to allow for inductor ripple current to be greater than the average input current
A42: L_DCM_M | B42: =(1-M_L_DCM)*((VIN_min^2)*(1-(VIN_min/VOUT)))/(2*IOUT*VOUT*Fsw) -> 3.2323232e-07 | C42: H | E42: Inductor value that ensures the ripple current is larger than the average input current
A43: L_DCM | B43: =MIN(B40,B42) -> 2.5252525e-08 | C43: H | E43: Select the lowest of the two inductor value calculations
A45: Lm_calc | B45: =IF(B25=1,B43,Lopt_2) -> 8.7919192e-06 | E45: If DCM is required (high step-up ratio) output L_DCM. Otherwise output the CCM inductor value
A47: Lm | B47: =CHOOSE(B25,'Design Converter'!H23*10^-9,'Design Converter'!H23*10^-6) -> 1e-05 | C47: H | E47: Selected filter inductor
A48: Rdcr | B48: ='Design Converter'!H24*10^-3 -> 0.0075 | C48: Ω | E48: Filter inductor DCR
A49: Ltol | B49: 0.2 | E49: Assumed inductor tolerance. Constant to help simplify the user experience
B50: .
A51: Duty Cycle Calculations
A53: Minium input voltage
A54: DCc_mode_VIN_min | B54: =IF(B20=3,1,IF((VOUT*IOUT)/(VIN_min*Np)<((VIN_min*(1-(VIN_min/VOUT)))/(2*Lm*Fsw)),0,1)) -> 1 | E54: Indicates if the regulator is operating in CCM or DCM at full load (1 = CCM, 0 = DCM). If FPWM mode is selected always picks CCM operation
A55: Dc_VIN_min | B55: =IF(B54=0,SQRT((2*(IOUT/Np)*Lm*Fsw*(VOUT-VIN_min)/(VIN_min^2))),(1-VIN_min/VOUT)) -> 0.8 | E55: Duty cycle at the mimum input voltage (CCM). (First order/ ideal equation)
B56: =B55/Fsw -> 1.8181818e-06 | C56: s | E56: On-time of the switch
A57: IL_avg_VIN_min | B57: =(VOUT*IOUT)/(VIN_min) -> 22.5 | C57: A | E57: Average input current at minimum input voltage. 100% Eff assumed
A58: ILrip_VINmin | B58: =(VIN_min*Dc_VIN_min)/(Lm*Fsw) -> 1.8181818 | C58: A | E58: Inductor ripple current at VIN min.
A59: ILp_VINmin | B59: =IF(B54=0,(VIN_min*Dc_VIN_min)/(Lm*Fsw),(IL_avg_VIN_min/EFF_est)+(ILrip_VINmin/2)) -> 23.409091 | C59: A | E59: Peak inductor current at VIN min. Including estimated efficiency
A61: Nominal input voltage
A62: DCc_mode_VIN_nom | B62: =IF(B20=3,1,IF((VOUT*IOUT)/(VIN_nom*Np)<((VIN_nom*(1-(VIN_nom/VOUT)))/(2*Lm*Fsw)),0,1)) -> 1 | E62: Indicates if the regulator is operating in CCM or DCM at full load (1 = CCM, 0 = DCM)
A63: Dc_VIN_nom | B63: =IF(B62=0,SQRT((2*(IOUT/Np)*Lm*Fsw*(VOUT-VIN_nom)/(VIN_nom^2))),(1-VIN_nom/VOUT)) -> 0.94 | E63: Duty cycle at the nominal input voltage (CCM) (First order/ ideal equation)
B64: =B63/Fsw -> 2.1363636e-06 | C64: s | E64: On-time of the switch
A65: IL_avg_VIN_nom | B65: =(VOUT*IOUT)/(VIN_nom) -> 75 | C65: A | E65: Average input current at nominal input voltage. 100% Eff assumed
A66: ILrip_VINnom | B66: =(VIN_nom*Dc_VIN_nom)/(Lm*Fsw) -> 0.64090909 | C66: A | E66: Inductor ripple current at VIN nom.
A67: ILp_VINnom | B67: =IF(B62=0,(VIN_nom*Dc_VIN_nom)/(Lm*Fsw),(IL_avg_VIN_nom/EFF_est)+(ILrip_VINnom/2)) -> 75.320455 | C67: A | E67: Peak inductor current at VIN nom. Including estimated efficiency
A69: Maximum input voltage
A70: DCc_mode_VIN_max | B70: =IF(B20=3,1,IF((VOUT*IOUT)/(VIN_max*Np)<((VIN_max*(1-(VIN_max/VOUT)))/(2*Lm*Fsw)),0,1)) -> 1 | E70: Indicates if the regulator is operating in CCM or DCM at full load (1 = CCM, 0 = DCM)
A71: Dc_VIN_max | B71: =IF(B70=0,SQRT((2*(IOUT/Np)*Lm*Fsw*(VOUT-VIN_max)/(VIN_max^2))),(1-VIN_max/VOUT)) -> 0.68 | E71: Duty cycle at the maximum input voltage (CCM) (First order/ ideal equation)
B72: =B71/Fsw -> 1.5454545e-06 | C72: s | E72: On-time of the switch
A73: IL_avg_VIN_max | B73: =(VOUT*IOUT)/(VIN_max) -> 14.0625 | C73: A | E73: Average input current at maximum input voltage. 100% Eff assumed
A74: ILrip_VINmax | B74: =(VIN_max*Dc_VIN_max)/(Lm*Fsw) -> 2.4727273 | C74: A | E74: Inductor ripple current at VIN max.
A75: ILp_VINmax | B75: =IF(B70=0,(VIN_max*Dc_VIN_max)/(Lm*Fsw),(IL_avg_VIN_max/EFF_est)+(ILrip_VINmax/2)) -> 15.298864 | C75: A | E75: Peak inductor current at VIN max. Including estimated efficiency
A77: Step 3: Current Sense Resistor
A78: Ipk_margin | B78: ='Design Converter'!H28/100 -> 0.3 | E78: Peak current limit margin. 20% is a typical value
A79: nest | B79: 0.95 | E79: estimated efficiency at the peak current limit. Keep at ~95% for SYNC boost controllers
A80: Ipk_selected | B80: =IF(B54=0,(1+Ipk_margin)*ILp_VINmin,((IL_avg_VIN_min/B79)+(ILrip_VINmin/2))*(1+Ipk_margin)) -> 31.971292 | C80: A | E80: Selected peak current limit based on margin selection
A82: Rcs_sl_ratio | B82: 0.666 | E82: ratio of down slope to slope compensation. This helps to prevent sub-harmonic oscillation in conditions where the duty cycle is > 50%
A83: Rcs_max | B83: =IF(OR(Dc_VIN_min<0.5,B54=0),1000,(Lm*Vsl*Fsw)/(B82*(VOUT-VIN_min))) -> 0.0074324324 | C83: Ω | E83: Maximum Rcs based on internal slope compensation. Assuming slope ratio of 1/2
A84: Rcs_wo_sl | B84: =Vcl/Ipk_selected -> 0.0018766836 | C84: Ω | E84: Current sense resistor without slope compensation (No variable slope compensation of the LM5127)
A86: Flag_ext_sl | B86: =IF(Rcs_wo_sl>Rcs_max,1,0) -> 0 | E86: External Compensation? (0-no, 1-yes), Only accurate for CCM as DCM doesn't need slope compensation
A87: R_cs_calc | B87: =IF(B54=0,Rcs_wo_sl,IF(B86=0,Rcs_wo_sl,Rcs_w_sl)) -> 0.0018766836 | C87: Ω | E87: Current Sense Resistor calculated, id DCM this is going to be the value calculated without slope compensation
A88: R_sl_calc | B88: 0 | C88: Ω | E88: External slope compensation resistor, if DCM operation the external slope compensation is not needed. Should b 0 Ohm (No external slope comp in LM5123)
A90: R_cs | B90: ='Design Converter'!H31/1000 -> 0.002 | C90: Ω | E90: Selected current sense Resistor
A91: R_sl | B91: 0 | C91: Ω | E91: Selected external slope compensation (No varialbe slope compenstiaon for the LM5123)
A93: sl_vin_min | B93: =(Vsl*Fsw)/(((VOUT-VIN_min)/Lm)*R_cs) -> 2.475 | C93: V/V | E93: Check to make sure that slope compensation is high enough at the minimum input voltage | K93: =IF(B62=0,0,IF(B93<0.5,1,0)) -> 0
A94: IL_pk | B94: =(Vcl-(Isl*R_sl*Dc_VIN_min))/R_cs -> 30 | C94: A | E94: Peak current limit at the minimum input voltage | K94: =IF(IL_pk<Ipk_selected,1,0) -> 1
A95: IL_pk_max | B95: =(Vcl-(Isl*R_sl*Dc_VIN_max))/R_cs -> 30 | C95: A | E95: Peak inductor current limit for saturation rating. VIN max due to the possibility of external slope comp
A96: sat_mar | B96: =0.15 -> 0.15 | E96: Margin for saturation current of the inductor
A97: IL_sat | B97: =(1+B96)*B95 -> 34.5 | C97: A | E97: Recommended Saturation current rating of the selected inductor
A99: COMP voltage Limit checks | E99: Can add this in later to make sure the dynamic range of the error amplifier is not violated
A102: Step 4: Output Capacitor Selection | E102: *The output capcitance is based on the load transient specification. Similar to the fylback converter
A104: fcross_estimate | B104: =IF(B54=0,2*Fsw/(Dc_VIN_min*5),(VOUT/IOUT)*((VIN_min^2)/VOUT^2)/(Lm*5)) -> 8888.8889 | C104: RAD | E104: Estimate to be 1.5 the RHP zero frequency. Pick based on DCM or CCM operation.
B105: =B104/(2*PI()) -> 1414.7106 | C105: Hz
A106: Vout_rip_sel | B106: ='Design Converter'!H35/1000 -> 0.5 | C106: V | E106: Desired output ripple
A107: Itrans | B107: =IOUT-0.5*IOUT -> 2.25 | C107: A
A108: Cout_min | B108: =B107/(Vout_rip_sel*B104) -> 0.00050625 | C108: F | E108: Calculate minimum capacitance based simply on the capacitive ripple
A109: IRMS_COUT | B109: =SQRT((1-Dc_VIN_min)*((IOUT^2)*(Dc_VIN_min/((1-Dc_VIN_min)^2))+((ILrip_VINmin^2)/3))) -> 9.0122353 | C109: A | E109: RMS current of the output capacitor at VIN min IOUT max. RMS current rating should be larger than this. Need to update for DCM
A110: Cout | B110: ='Design Converter'!H37*(10^-6) -> 0.00047 | C110: F | E110: Selected Output Capacitance
A111: Resr | B111: ='Design Converter'!H38/1000 -> 0.035 | C111: Ω | E111: Selected output capacitance ESR
A112: Icrms_min | B112: =SQRT((IOUT^2)+(IL_avg_VIN_min^2)-(2*IOUT*IL_avg_VIN_min)-(2*Dc_VIN_min*(IOUT^2))-(Dc_VIN_min*(IL_avg_VIN_min^2))+(2*Dc_VIN_min*IOUT*IL_avg_VIN_min)) -> 6.97137 | E112: Minimum required RMS current rating for the output capacitor bank
A115: Step 5: Soft-start Capacitor selection
A116: Iss | B116: =Iss -> 2e-05 | C116: A | E116: Soft-Start Charge current
A117: Css_min | B117: =Iss*VOUT*Cout/(Vref*IOUT) -> 1.0444444e-07 | C117: F | E117: Suggested minimum SS capacitor to minize the over shoot.
A118: tss | B118: ='Design Converter'!H42*(10^-3) -> 0.01 | C118: s | E118: Desired Soft-Start Capacitor
A119: Css_calc | B119: =(tss*Iss)/(Vref*(1-(VIN_min/VOUT))) -> 2.5e-07 | C119: F | E119: Calcualted Soft-start capacitor
A121: Step 6: UVLO Resistor Selection
A122: Vuvlo_on | B122: ='Design Converter'!H46 -> 8 | C122: V | E122: Desired turn on voltage
A123: Vuvlo_off | B123: ='Design Converter'!H47 -> 7 | C123: V | E123: Desired turn off voltage
...

Sheet Eff_vs_IOUT
A1: EXCEL Variables Names/Calculations
R5: Operation Variables | V5: Duty Cycle | Y5: Inductor | AE5: Low-Side MOSFET | AJ5: High-Side MOSFET Losses | AP5: Other Losses | AU5: Total Losses
R6: VOUT | S6: IOUT | T6: VIN | U6: IIN | V6: DCM/CCM | W6: DC | X6: DC_off | Y6: dIL | Z6: ILPEAK | AA6: ILRMS | AB6: PLac (W) | AC6: PL_DCR (W) | AD6: PL_tot (W) | AE6: ISWAVG (A) | AF6: ISWRMS | AG6: PQ_COND (W) | AH6: PQ_SW (W) | AI6: PQ_tot (W) | AJ6: IDAVG (A) | AK6: IHSRMS | AL6: PD_COND (W) | AM6: PD_SW (W) | AN6: Dead Time losses | AO6: PHS_tot (W) | AP6: PRCS (W) | AQ6: PL_DCR (W) | AR6: PL_CORE (W) | AS6: PG_drv (W) | AT6: PIQ (W) | AU6: PTOTAL (W) | AV6: POUT (W) | AW6: Eff
Q7: 0 | R7: =VOUT -> 50 | S7: =Q7*$O$12 -> 0 | T7: =VIN_var -> 3 | U7: =(R7*S7)/(T7*EFF_est) -> 0 | V7: =IF(Variable_Management!$B$20=3,2,IF((S7*R7/T7)<((T7*(1-(T7/R7)))/(2*Lm*Fsw)),1,2)) -> 1 | W7: =CHOOSE(V7,SQRT((2*S7*Lm*Fsw*(R7-T7))/((T7)^2)),1-(T7/R7)) -> 0 | X7: =CHOOSE(V7,(Lm*Z7*Fsw)/(R7-T7),1-W7) -> 0 | Y7: =(T7*W7)/(Lm*Fsw) -> 0 | Z7: =CHOOSE(V7,Y7,U7+(0.5*Y7)) -> 0 | AA7: =CHOOSE(V7,Z7*SQRT((W7+X7)/3),SQRT((U7^2)+((Y7^2)/12))) -> 0 | AB7: 0 | AC7: =(AA7^2)*Rdcr -> 0 | AD7: =AB7+AC7 -> 0 | AE7: =U7*W7 -> 0 | AF7: =CHOOSE(V7,Z7*SQRT(W7/3),SQRT(W7*((Z7^2)+((Y7^2)/3)-(Z7*Y7)))) -> 0 | AG7: =(AF7^2)*RDS_on -> 0 | AH7: =((R7*U7)/2)*Fsw*(tr_sw+tf_sw) -> 0 | AI7: =AG7+AH7 -> 0 | AJ7: =X7*U7 -> 0 | AK7: =CHOOSE(V7,Z7*SQRT(X7/3),SQRT(X7*((Z7^2)+((Y7^2)/3)-(Y7*Z7)))) -> 0 | AL7: =(AK7^2)*RDS_on_HS -> 0 | AM7: =CHOOSE(V7,0,(R7+Vd_rect)*Qrr*Fsw) -> 0 | AN7: =Vd_rect*t_dead*Fsw*Z7 -> 0 | AO7: =AL7+AM7+AN7 -> 0 | AP7: =(AA7^2)*R_cs -> 0 | AQ7: =Rdcr*AA7^2 -> 0 | AR7: =ABS(7.759*10^-3*Fsw^0.9458*(0.00787*Y7)^2.304) -> 0 | AS7: =(Qg_tot+Qg_tot_HS)*Vcc*Fsw -> 0.044 | AT7: =IQ*T7 -> 9.9e-06 | AU7: =AP7+AO7+AI7+AD7+AS7+AT7+AQ7+AR7 -> 0.0440099 | AV7: =R7*S7 -> 0 | AW7: =(AV7/(AV7+AU7))*100 -> 0
M8: =Fsw -> 440000 | Q8: 1 | R8: =VOUT -> 50 | S8: =Q8*$O$12 -> 0.03 | T8: =VIN_var -> 3 | U8: =(R8*S8)/(T8*EFF_est) -> 0.5 | V8: =IF(Variable_Management!$B$20=3,2,IF((S8*R8/T8)<((T8*(1-(T8/R8)))/(2*Lm*Fsw)),1,2)) -> 2 | W8: =CHOOSE(V8,SQRT((2*S8*Lm*Fsw*(R8-T8))/((T8)^2)),1-(T8/R8)) -> 0.94 | X8: =CHOOSE(V8,(Lm*Z8*Fsw)/(R8-T8),1-W8) -> 0.06 | Y8: =(T8*W8)/(Lm*Fsw) -> 0.64090909 | Z8: =CHOOSE(V8,Y8,U8+(0.5*Y8)) -> 0.82045455 | AA8: =CHOOSE(V8,Z8*SQRT((W8+X8)/3),SQRT((U8^2)+((Y8^2)/12))) -> 0.5331326 | AB8: 0 | AC8: =(AA8^2)*Rdcr -> 0.0021317278 | AD8: =AB8+AC8 -> 0.0021317278 | AE8: =U8*W8 -> 0.47 | AF8: =CHOOSE(V8,Z8*SQRT(W8/3),SQRT(W8*((Z8^2)+((Y8^2)/3)-(Z8*Y8)))) -> 0.51689124 | AG8: =(AF8^2)*RDS_on -> 0.0099389676 | AH8: =((R8*U8)/2)*Fsw*(tr_sw+tf_sw) -> 0.10434517 | AI8: =AG8+AH8 -> 0.11428413 | AJ8: =X8*U8 -> 0.03 | AK8: =CHOOSE(V8,Z8*SQRT(X8/3),SQRT(X8*((Z8^2)+((Y8^2)/3)-(Y8*Z8)))) -> 0.13059028 | AL8: =(AK8^2)*RDS_on_HS -> 0.00015007364 | AM8: =CHOOSE(V8,(R8+Vd_rect)*Qrr*Fsw,(R8+Vd_rect)*Qrr*Fsw) -> 0.737616 | AN8: =Vd_rect*t_dead*Fsw*Z8 -> 0.005776 | AO8: =AL8+AM8+AN8 -> 0.74354207 | AP8: =(AA8^2)*R_cs -> 0.00056846074 | AQ8: =Rdcr*AA8^2 -> 0.0021317278 | AR8: =ABS(7.759*10^-3*Fsw^0.9458*(0.00787*Y8)^2.304) -> 0.0086013784 | AS8: =(Qg_tot+Qg_tot_HS)*Vcc*Fsw -> 0.044 | AT8: =IQ*T8 -> 9.9e-06 | AU8: =AP8+AO8+AI8+AD8+AS8+AT8+AQ8+AR8 -> 0.9152694 | AV8: =R8*S8 -> 1.5 | AW8: =(AV8/(AV8+AU8))*100 -> 62.104873
N9: VIN_VAR | O9: =VIN_var -> 3 | P9: V | Q9: 2 | R9: =VOUT -> 50 | S9: =Q9*$O$12 -> 0.06 | T9: =VIN_var -> 3 | U9: =(R9*S9)/(T9*EFF_est) -> 1 | V9: =IF(Variable_Management!$B$20=3,2,IF((S9*R9/T9)<((T9*(1-(T9/R9)))/(2*Lm*Fsw)),1,2)) -> 2 | W9: =CHOOSE(V9,SQRT((2*S9*Lm*Fsw*(R9-T9))/((T9)^2)),1-(T9/R9)) -> 0.94 | X9: =CHOOSE(V9,(Lm*Z9*Fsw)/(R9-T9),1-W9) -> 0.06 | Y9: =(T9*W9)/(Lm*Fsw) -> 0.64090909 | Z9: =CHOOSE(V9,Y9,U9+(0.5*Y9)) -> 1.3204545 | AA9: =CHOOSE(V9,Z9*SQRT((W9+X9)/3),SQRT((U9^2)+((Y9^2)/12))) -> 1.0169712 | AB9: 0 | AC9: =(AA9^2)*Rdcr -> 0.0077567278 | AD9: =AB9+AC9 -> 0.0077567278 | AE9: =U9*W9 -> 0.94 | AF9: =CHOOSE(V9,Z9*SQRT(W9/3),SQRT(W9*((Z9^2)+((Y9^2)/3)-(Z9*Y9)))) -> 0.98599014 | AG9: =(AF9^2)*RDS_on -> 0.036164968 | AH9: =((R9*U9)/2)*Fsw*(tr_sw+tf_sw) -> 0.20869033 | AI9: =AG9+AH9 -> 0.2448553 | AJ9: =X9*U9 -> 0.06 | AK9: =CHOOSE(V9,Z9*SQRT(X9/3),SQRT(X9*((Z9^2)+((Y9^2)/3)-(Y9*Z9)))) -> 0.24910605 | AL9: =(AK9^2)*RDS_on_HS -> 0.00054607364 | AM9: =CHOOSE(V9,(R9+Vd_rect)*Qrr*Fsw,(R9+Vd_rect)*Qrr*Fsw) -> 0.737616 | AN9: =Vd_rect*t_dead*Fsw*Z9 -> 0.009296 | AO9: =AL9+AM9+AN9 -> 0.74745807 | AP9: =(AA9^2)*R_cs -> 0.0020684607 | AQ9: =Rdcr*AA9^2 -> 0.0077567278 | AR9: =ABS(7.759*10^-3*Fsw^0.9458*(0.00787*Y9)^2.304) -> 0.0086013784 | AS9: =(Qg_tot+Qg_tot_HS)*Vcc*Fsw -> 0.044 | AT9: =IQ*T9 -> 9.9e-06 | AU9: =AP9+AO9+AI9+AD9+AS9+AT9+AQ9+AR9 -> 1.0625066 | AV9: =R9*S9 -> 3 | AW9: =(AV9/(AV9+AU9))*100 -> 73.846034
Q10: 3 | R10: =VOUT -> 50 | S10: =Q10*$O$12 -> 0.09 | T10: =VIN_var -> 3 | U10: =(R10*S10)/(T10*EFF_est) -> 1.5 | V10: =IF(Variable_Management!$B$20=3,2,IF((S10*R10/T10)<((T10*(1-(T10/R10)))/(2*Lm*Fsw)),1,2)) -> 2 | W10: =CHOOSE(V10,SQRT((2*S10*Lm*Fsw*(R10-T10))/((T10)^2)),1-(T10/R10)) -> 0.94 | X10: =CHOOSE(V10,(Lm*Z10*Fsw)/(R10-T10),1-W10) -> 0.06 | Y10: =(T10*W10)/(Lm*Fsw) -> 0.64090909 | Z10: =CHOOSE(V10,Y10,U10+(0.5*Y10)) -> 1.8204545 | AA10: =CHOOSE(V10,Z10*SQRT((W10+X10)/3),SQRT((U10^2)+((Y10^2)/12))) -> 1.5113671 | AB10: 0 | AC10: =(AA10^2)*Rdcr -> 0.017131728 | AD10: =AB10+AC10 -> 0.017131728 | AE10: =U10*W10 -> 1.41 | AF10: =CHOOSE(V10,Z10*SQRT(W10/3),SQRT(W10*((Z10^2)+((Y10^2)/3)-(Z10*Y10)))) -> 1.4653247 | AG10: =(AF10^2)*RDS_on -> 0.079874968 | AH10: =((R10*U10)/2)*Fsw*(tr_sw+tf_sw) -> 0.3130355 | AI10: =AG10+AH10 -> 0.39291046 | AJ10: =X10*U10 -> 0.09 | AK10: =CHOOSE(V10,Z10*SQRT(X10/3),SQRT(X10*((Z10^2)+((Y10^2)/3)-(Y10*Z10)))) -> 0.37020781 | AL10: =(AK10^2)*RDS_on_HS -> 0.0012060736 | AM10: =CHOOSE(V10,(R10+Vd_rect)*Qrr*Fsw,(R10+Vd_rect)*Qrr*Fsw) -> 0.737616 | AN10: =Vd_rect*t_dead*Fsw*Z10 -> 0.012816 | AO10: =AL10+AM10+AN10 -> 0.75163807 | AP10: =(AA10^2)*R_cs -> 0.0045684607 | AQ10: =Rdcr*AA10^2 -> 0.017131728 | AR10: =ABS(7.759*10^-3*Fsw^0.9458*(0.00787*Y10)^2.304) -> 0.0086013784 | AS10: =(Qg_tot+Qg_tot_HS)*Vcc*Fsw -> 0.044 | AT10: =IQ*T10 -> 9.9e-06 | AU10: =AP10+AO10+AI10+AD10+AS10+AT10+AQ10+AR10 -> 1.2359917 | AV10: =R10*S10 -> 4.5 | AW10: =(AV10/(AV10+AU10))*100 -> 78.451996
N11: Steps | O11: 150 | Q11: 4 | R11: =VOUT -> 50 | S11: =Q11*$O$12 -> 0.12 | T11: =VIN_var -> 3 | U11: =(R11*S11)/(T11*EFF_est) -> 2 | V11: =IF(Variable_Management!$B$20=3,2,IF((S11*R11/T11)<((T11*(1-(T11/R11)))/(2*Lm*Fsw)),1,2)) -> 2 | W11: =CHOOSE(V11,SQRT((2*S11*Lm*Fsw*(R11-T11))/((T11)^2)),1-(T11/R11)) -> 0.94 | X11: =CHOOSE(V11,(Lm*Z11*Fsw)/(R11-T11),1-W11) -> 0.06 | Y11: =(T11*W11)/(Lm*Fsw) -> 0.64090909 | Z11: =CHOOSE(V11,Y11,U11+(0.5*Y11)) -> 2.3204545 | AA11: =CHOOSE(V11,Z11*SQRT((W11+X11)/3),SQRT((U11^2)+((Y11^2)/12))) -> 2.0085394 | AB11: 0 | AC11: =(AA11^2)*Rdcr -> 0.030256728 | AD11: =AB11+AC11 -> 0.030256728 | AE11: =U11*W11 -> 1.88 | AF11: =CHOOSE(V11,Z11*SQRT(W11/3),SQRT(W11*((Z11^2)+((Y11^2)/3)-(Z11*Y11)))) -> 1.9473512 | AG11: =(AF11^2)*RDS_on -> 0.14106897 | AH11: =((R11*U11)/2)*Fsw*(tr_sw+tf_sw) -> 0.41738066 | AI11: =AG11+AH11 -> 0.55844963 | AJ11: =X11*U11 -> 0.12 | AK11: =CHOOSE(V11,Z11*SQRT(X11/3),SQRT(X11*((Z11^2)+((Y11^2)/3)-(Y11*Z11)))) -> 0.49198966 | AL11: =(AK11^2)*RDS_on_HS -> 0.0021300736 | AM11: =CHOOSE(V11,(R11+Vd_rect)*Qrr*Fsw,(R11+Vd_rect)*Qrr*Fsw) -> 0.737616 | AN11: =Vd_rect*t_dead*Fsw*Z11 -> 0.016336 | AO11: =AL11+AM11+AN11 -> 0.75608207 | AP11: =(AA11^2)*R_cs -> 0.0080684607 | AQ11: =Rdcr*AA11^2 -> 0.030256728 | AR11: =ABS(7.759*10^-3*Fsw^0.9458*(0.00787*Y11)^2.304) -> 0.0086013784 | AS11: =(Qg_tot+Qg_tot_HS)*Vcc*Fsw -> 0.044 | AT11: =IQ*T11 -> 9.9e-06 | AU11: =AP11+AO11+AI11+AD11+AS11+AT11+AQ11+AR11 -> 1.4357249 | AV11: =R11*S11 -> 6 | AW11: =(AV11/(AV11+AU11))*100 -> 80.691527
N12: Step size | O12: =IOUT/(O11) -> 0.03 | Q12: 5 | R12: =VOUT -> 50 | S12: =Q12*$O$12 -> 0.15 | T12: =VIN_var -> 3 | U12: =(R12*S12)/(T12*EFF_est) -> 2.5 | V12: =IF(Variable_Management!$B$20=3,2,IF((S12*R12/T12)<((T12*(1-(T12/R12)))/(2*Lm*Fsw)),1,2)) -> 2 | W12: =CHOOSE(V12,SQRT((2*S12*Lm*Fsw*(R12-T12))/((T12)^2)),1-(T12/R12)) -> 0.94 | X12: =CHOOSE(V12,(Lm*Z12*Fsw)/(R12-T12),1-W12) -> 0.06 | Y12: =(T12*W12)/(Lm*Fsw) -> 0.64090909 | Z12: =CHOOSE(V12,Y12,U12+(0.5*Y12)) -> 2.8204545 | AA12: =CHOOSE(V12,Z12*SQRT((W12+X12)/3),SQRT((U12^2)+((Y12^2)/12))) -> 2.5068367 | AB12: 0 | AC12: =(AA12^2)*Rdcr -> 0.047131728 | AD12: =AB12+AC12 -> 0.047131728 | AE12: =U12*W12 -> 2.35 | AF12: =CHOOSE(V12,Z12*SQRT(W12/3),SQRT(W12*((Z12^2)+((Y12^2)/3)-(Z12*Y12)))) -> 2.4304684 | AG12: =(AF12^2)*RDS_on -> 0.21974697 | AH12: =((R12*U12)/2)*Fsw*(tr_sw+tf_sw) -> 0.52172583 | AI12: =AG12+AH12 -> 0.74147279 | AJ12: =X12*U12 -> 0.15 | AK12: =CHOOSE(V12,Z12*SQRT(X12/3),SQRT(X12*((Z12^2)+((Y12^2)/3)-(Y12*Z12)))) -> 0.61404708 | AL12: =(AK12^2)*RDS_on_HS -> 0.0033180736 | AM12: =CHOOSE(V12,(R12+Vd_rect)*Qrr*Fsw,(R12+Vd_rect)*Qrr*Fsw) -> 0.737616 | AN12: =Vd_rect*t_dead*Fsw*Z12 -> 0.019856 | AO12: =AL12+AM12+AN12 -> 0.76079007 | AP12: =(AA12^2)*R_cs -> 0.012568461 | AQ12: =Rdcr*AA12^2 -> 0.047131728 | AR12: =ABS(7.759*10^-3*Fsw^0.9458*(0.00787*Y12)^2.304) -> 0.0086013784 | AS12: =(Qg_tot+Qg_tot_HS)*Vcc*Fsw -> 0.044 | AT12: =IQ*T12 -> 9.9e-06 | AU12: =AP12+AO12+AI12+AD12+AS12+AT12+AQ12+AR12 -> 1.6617061 | AV12: =R12*S12 -> 7.5 | AW12: =(AV12/(AV12+AU12))*100 -> 81.862482
Q13: 6 | R13: =VOUT -> 50 | S13: =Q13*$O$12 -> 0.18 | T13: =VIN_var -> 3 | U13: =(R13*S13)/(T13*EFF_est) -> 3 | V13: =IF(Variable_Management!$B$20=3,2,IF((S13*R13/T13)<((T13*(1-(T13/R13)))/(2*Lm*Fsw)),1,2)) -> 2 | W13: =CHOOSE(V13,SQRT((2*S13*Lm*Fsw*(R13-T13))/((T13)^2)),1-(T13/R13)) -> 0.94 | X13: =CHOOSE(V13,(Lm*Z13*Fsw)/(R13-T13),1-W13) -> 0.06 | Y13: =(T13*W13)/(Lm*Fsw) -> 0.64090909 | Z13: =CHOOSE(V13,Y13,U13+(0.5*Y13)) -> 3.3204545 | AA13: =CHOOSE(V13,Z13*SQRT((W13+X13)/3),SQRT((U13^2)+((Y13^2)/12))) -> 3.0056996 | AB13: 0 | AC13: =(AA13^2)*Rdcr -> 0.067756728 | AD13: =AB13+AC13 -> 0.067756728 | AE13: =U13*W13 -> 2.82 | AF13: =CHOOSE(V13,Z13*SQRT(W13/3),SQRT(W13*((Z13^2)+((Y13^2)/3)-(Z13*Y13)))) -> 2.9141339 | AG13: =(AF13^2)*RDS_on -> 0.31590897 | AH13: =((R13*U13)/2)*Fsw*(tr_sw+tf_sw) -> 0.62607099 | AI13: =AG13+AH13 -> 0.94197996 | AJ13: =X13*U13 -> 0.18 | AK13: =CHOOSE(V13,Z13*SQRT(X13/3),SQRT(X13*((Z13^2)+((Y13^2)/3)-(Y13*Z13)))) -> 0.73624305 | AL13: =(AK13^2)*RDS_on_HS -> 0.0047700736 | AM13: =CHOOSE(V13,(R13+Vd_rect)*Qrr*Fsw,(R13+Vd_rect)*Qrr*Fsw) -> 0.737616 | AN13: =Vd_rect*t_dead*Fsw*Z13 -> 0.023376 | AO13: =AL13+AM13+AN13 -> 0.76576207 | AP13: =(AA13^2)*R_cs -> 0.018068461 | AQ13: =Rdcr*AA13^2 -> 0.067756728 | AR13: =ABS(7.759*10^-3*Fsw^0.9458*(0.00787*Y13)^2.304) -> 0.0086013784 | AS13: =(Qg_tot+Qg_tot_HS)*Vcc*Fsw -> 0.044 | AT13: =IQ*T13 -> 9.9e-06 | AU13: =AP13+AO13+AI13+AD13+AS13+AT13+AQ13+AR13 -> 1.9139352 | AV13: =R13*S13 -> 9 | AW13: =(AV13/(AV13+AU13))*100 -> 82.463381
Q14: 7 | R14: =VOUT -> 50 | S14: =Q14*$O$12 -> 0.21 | T14: =VIN_var -> 3 | U14: =(R14*S14)/(T14*EFF_est) -> 3.5 | V14: =IF(Variable_Management!$B$20=3,2,IF((S14*R14/T14)<((T14*(1-(T14/R14)))/(2*Lm*Fsw)),1,2)) -> 2 | W14: =CHOOSE(V14,SQRT((2*S14*Lm*Fsw*(R14-T14))/((T14)^2)),1-(T14/R14)) -> 0.94 | X14: =CHOOSE(V14,(Lm*Z14*Fsw)/(R14-T14),1-W14) -> 0.06 | Y14: =(T14*W14)/(Lm*Fsw) -> 0.64090909 | Z14: =CHOOSE(V14,Y14,U14+(0.5*Y14)) -> 3.8204545 | AA14: =CHOOSE(V14,Z14*SQRT((W14+X14)/3),SQRT((U14^2)+((Y14^2)/12))) -> 3.5048866 | AB14: 0 | AC14: =(AA14^2)*Rdcr -> 0.092131728 | AD14: =AB14+AC14 -> 0.092131728 | AE14: =U14*W14 -> 3.29 | AF14: =CHOOSE(V14,Z14*SQRT(W14/3),SQRT(W14*((Z14^2)+((Y14^2)/3)-(Z14*Y14)))) -> 3.3981137 | AG14: =(AF14^2)*RDS_on -> 0.42955497 | AH14: =((R14*U14)/2)*Fsw*(tr_sw+tf_sw) -> 0.73041616 | AI14: =AG14+AH14 -> 1.1599711 | AJ14: =X14*U14 -> 0.21 | AK14: =CHOOSE(V14,Z14*SQRT(X14/3),SQRT(X14*((Z14^2)+((Y14^2)/3)-(Y14*Z14)))) -> 0.85851839 | AL14: =(AK14^2)*RDS_on_HS -> 0.0064860736 | AM14: =CHOOSE(V14,(R14+Vd_rect)*Qrr*Fsw,(R14+Vd_rect)*Qrr*Fsw) -> 0.737616 | AN14: =Vd_rect*t_dead*Fsw*Z14 -> 0.026896 | AO14: =AL14+AM14+AN14 -> 0.77099807 | AP14: =(AA14^2)*R_cs -> 0.024568461 | AQ14: =Rdcr*AA14^2 -> 0.092131728 | AR14: =ABS(7.759*10^-3*Fsw^0.9458*(0.00787*Y14)^2.304) -> 0.0086013784 | AS14: =(Qg_tot+Qg_tot_HS)*Vcc*Fsw -> 0.044 | AT14: =IQ*T14 -> 9.9e-06 | AU14: =AP14+AO14+AI14+AD14+AS14+AT14+AQ14+AR14 -> 2.1924124 | AV14: =R14*S14 -> 10.5 | AW14: =(AV14/(AV14+AU14))*100 -> 82.72659
O15: =0.205*2.5/(Lm*Fsw) -> 0.11647727 | Q15: 8 | R15: =VOUT -> 50 | S15: =Q15*$O$12 -> 0.24 | T15: =VIN_var -> 3 | U15: =(R15*S15)/(T15*EFF_est) -> 4 | V15: =IF(Variable_Management!$B$20=3,2,IF((S15*R15/T15)<((T15*(1-(T15/R15)))/(2*Lm*Fsw)),1,2)) -> 2 | W15: =CHOOSE(V15,SQRT((2*S15*Lm*Fsw*(R15-T15))/((T15)^2)),1-(T15/R15)) -> 0.94 | X15: =CHOOSE(V15,(Lm*Z15*Fsw)/(R15-T15),1-W15) -> 0.06 | Y15: =(T15*W15)/(Lm*Fsw) -> 0.64090909 | Z15: =CHOOSE(V15,Y15,U15+(0.5*Y15)) -> 4.3204545 | AA15: =CHOOSE(V15,Z15*SQRT((W15+X15)/3),SQRT((U15^2)+((Y15^2)/12))) -> 4.0042765 | AB15: 0 | AC15: =(AA15^2)*Rdcr -> 0.12025673 | AD15: =AB15+AC15 -> 0.12025673 | AE15: =U15*W15 -> 3.76 | AF15: =CHOOSE(V15,Z15*SQRT(W15/3),SQRT(W15*((Z15^2)+((Y15^2)/3)-(Z15*Y15)))) -> 3.8822901 | AG15: =(AF15^2)*RDS_on -> 0.56068497 | AH15: =((R15*U15)/2)*Fsw*(tr_sw+tf_sw) -> 0.83476132 | AI15: =AG15+AH15 -> 1.3954463 | AJ15: =X15*U15 -> 0.24 | AK15: =CHOOSE(V15,Z15*SQRT(X15/3),SQRT(X15*((Z15^2)+((Y15^2)/3)-(Y15*Z15)))) -> 0.98084342 | AL15: =(AK15^2)*RDS_on_HS -> 0.0084660736 | AM15: =CHOOSE(V15,(R15+Vd_rect)*Qrr*Fsw,(R15+Vd_rect)*Qrr*Fsw) -> 0.737616 | AN15: =Vd_rect*t_dead*Fsw*Z15 -> 0.030416 | AO15: =AL15+AM15+AN15 -> 0.77649807 | AP15: =(AA15^2)*R_cs -> 0.032068461 | AQ15: =Rdcr*AA15^2 -> 0.12025673 | AR15: =ABS(7.759*10^-3*Fsw^0.9458*(0.00787*Y15)^2.304) -> 0.0086013784 | AS15: =(Qg_tot+Qg_tot_HS)*Vcc*Fsw -> 0.044 | AT15: =IQ*T15 -> 9.9e-06 | AU15: =AP15+AO15+AI15+AD15+AS15+AT15+AQ15+AR15 -> 2.4971376 | AV15: =R15*S15 -> 12 | AW15: =(AV15/(AV15+AU15))*100 -> 82.774961
Q16: 9 | R16: =VOUT -> 50 | S16: =Q16*$O$12 -> 0.27 | T16: =VIN_var -> 3 | U16: =(R16*S16)/(T16*EFF_est) -> 4.5 | V16: =IF(Variable_Management!$B$20=3,2,IF((S16*R16/T16)<((T16*(1-(T16/R16)))/(2*Lm*Fsw)),1,2)) -> 2 | W16: =CHOOSE(V16,SQRT((2*S16*Lm*Fsw*(R16-T16))/((T16)^2)),1-(T16/R16)) -> 0.94 | X16: =CHOOSE(V16,(Lm*Z16*Fsw)/(R16-T16),1-W16) -> 0.06 | Y16: =(T16*W16)/(Lm*Fsw) -> 0.64090909 | Z16: =CHOOSE(V16,Y16,U16+(0.5*Y16)) -> 4.8204545 | AA16: =CHOOSE(V16,Z16*SQRT((W16+X16)/3),SQRT((U16^2)+((Y16^2)/12))) -> 4.5038018 | AB16: 0 | AC16: =(AA16^2)*Rdcr -> 0.15213173 | AD16: =AB16+AC16 -> 0.15213173 | AE16: =U16*W16 -> 4.23 | AF16: =CHOOSE(V16,Z16*SQRT(W16/3),SQRT(W16*((Z16^2)+((Y16^2)/3)-(Z16*Y16)))) -> 4.3665978 | AG16: =(AF16^2)*RDS_on -> 0.70929897 | AH16: =((R16*U16)/2)*Fsw*(tr_sw+tf_sw) -> 0.93910649 | AI16: =AG16+AH16 -> 1.6484055 | AJ16: =X16*U16 -> 0.27 | AK16: =CHOOSE(V16,Z16*SQRT(X16/3),SQRT(X16*((Z16^2)+((Y16^2)/3)-(Y16*Z16)))) -> 1.1032016 | AL16: =(AK16^2)*RDS_on_HS -> 0.010710074 | AM16: =CHOOSE(V16,(R16+Vd_rect)*Qrr*Fsw,(R16+Vd_rect)*Qrr*Fsw) -> 0.737616 | AN16: =Vd_rect*t_dead*Fsw*Z16 -> 0.033936 | AO16: =AL16+AM16+AN16 -> 0.78226207 | AP16: =(AA16^2)*R_cs -> 0.040568461 | AQ16: =Rdcr*AA16^2 -> 0.15213173 | AR16: =ABS(7.759*10^-3*Fsw^0.9458*(0.00787*Y16)^2.304) -> 0.0086013784 | AS16: =(Qg_tot+Qg_tot_HS)*Vcc*Fsw -> 0.044 | AT16: =IQ*T16 -> 9.9e-06 | AU16: =AP16+AO16+AI16+AD16+AS16+AT16+AQ16+AR16 -> 2.8281107 | AV16: =R16*S16 -> 13.5 | AW16: =(AV16/(AV16+AU16))*100 -> 82.679498
Q17: 10 | R17: =VOUT -> 50 | S17: =Q17*$O$12 -> 0.3 | T17: =VIN_var -> 3 | U17: =(R17*S17)/(T17*EFF_est) -> 5 | V17: =IF(Variable_Management!$B$20=3,2,IF((S17*R17/T17)<((T17*(1-(T17/R17)))/(2*Lm*Fsw)),1,2)) -> 2 | W17: =CHOOSE(V17,SQRT((2*S17*Lm*Fsw*(R17-T17))/((T17)^2)),1-(T17/R17)) -> 0.94 | X17: =CHOOSE(V17,(Lm*Z17*Fsw)/(R17-T17),1-W17) -> 0.06 | Y17: =(T17*W17)/(Lm*Fsw) -> 0.64090909 | Z17: =CHOOSE(V17,Y17,U17+(0.5*Y17)) -> 5.3204545 | AA17: =CHOOSE(V17,Z17*SQRT((W17+X17)/3),SQRT((U17^2)+((Y17^2)/12))) -> 5.0034219 | AB17: 0 | AC17: =(AA17^2)*Rdcr -> 0.18775673 | AD17: =AB17+AC17 -> 0.18775673 | AE17: =U17*W17 -> 4.7 | AF17: =CHOOSE(V17,Z17*SQRT(W17/3),SQRT(W17*((Z17^2)+((Y17^2)/3)-(Z17*Y17)))) -> 4.8509975 | AG17: =(AF17^2)*RDS_on -> 0.87539697 | AH17: =((R17*U17)/2)*Fsw*(tr_sw+tf_sw) -> 1.0434517 | AI17: =AG17+AH17 -> 1.9188486 | AJ17: =X17*U17 -> 0.3 | AK17: =CHOOSE(V17,Z17*SQRT(X17/3),SQRT(X17*((Z17^2)+((Y17^2)/3)-(Y17*Z17)))) -> 1.2255831 | AL17: =(AK17^2)*RDS_on_HS -> 0.013218074 | AM17: =CHOOSE(V17,(R17+Vd_rect)*Qrr*Fsw,(R17+Vd_rect)*Qrr*Fsw) -> 0.737616 | AN17: =Vd_rect*t_dead*Fsw*Z17 -> 0.037456 | AO17: =AL17+AM17+AN17 -> 0.78829007 | AP17: =(AA17^2)*R_cs -> 0.050068461 | AQ17: =Rdcr*AA17^2 -> 0.18775673 | AR17: =ABS(7.759*10^-3*Fsw^0.9458*(0.00787*Y17)^2.304) -> 0.0086013784 | AS17: =(Qg_tot+Qg_tot_HS)*Vcc*Fsw -> 0.044 | AT17: =IQ*T17 -> 9.9e-06 | AU17: =AP17+AO17+AI17+AD17+AS17+AT17+AQ17+AR17 -> 3.1853319 | AV17: =R17*S17 -> 15 | AW17: =(AV17/(AV17+AU17))*100 -> 82.48406
Q18: 11 | R18: =VOUT -> 50 | S18: =Q18*$O$12 -> 0.33 | T18: =VIN_var -> 3 | U18: =(R18*S18)/(T18*EFF_est) -> 5.5 | V18: =IF(Variable_Management!$B$20=3,2,IF((S18*R18/T18)<((T18*(1-(T18/R18)))/(2*Lm*Fsw)),1,2)) -> 2 | W18: =CHOOSE(V18,SQRT((2*S18*Lm*Fsw*(R18-T18))/((T18)^2)),1-(T18/R18)) -> 0.94 | X18: =CHOOSE(V18,(Lm*Z18*Fsw)/(R18-T18),1-W18) -> 0.06 | Y18: =(T18*W18)/(Lm*Fsw) -> 0.64090909 | Z18: =CHOOSE(V18,Y18,U18+(0.5*Y18)) -> 5.8204545 | AA18: =CHOOSE(V18,Z18*SQRT((W18+X18)/3),SQRT((U18^2)+((Y18^2)/12))) -> 5.503111 | AB18: 0 | AC18: =(AA18^2)*Rdcr -> 0.22713173 | AD18: =AB18+AC18 -> 0.22713173 | AE18: =U18*W18 -> 5.17 | AF18: =CHOOSE(V18,Z18*SQRT(W18/3),SQRT(W18*((Z18^2)+((Y18^2)/3)-(Z18*Y18)))) -> 5.335464 | AG18: =(AF18^2)*RDS_on -> 1.058979 | AH18: =((R18*U18)/2)*Fsw*(tr_sw+tf_sw) -> 1.1477968 | AI18: =AG18+AH18 -> 2.2067758 | AJ18: =X18*U18 -> 0.33 | AK18: =CHOOSE(V18,Z18*SQRT(X18/3),SQRT(X18*((Z18^2)+((Y18^2)/3)-(Y18*Z18)))) -> 1.3479814 | AL18: =(AK18^2)*RDS_on_HS -> 0.015990074 | AM18: =CHOOSE(V18,(R18+Vd_rect)*Qrr*Fsw,(R18+Vd_rect)*Qrr*Fsw) -> 0.737616 | AN18: =Vd_rect*t_dead*Fsw*Z18 -> 0.040976 | AO18: =AL18+AM18+AN18 -> 0.79458207 | AP18: =(AA18^2)*R_cs -> 0.060568461 | AQ18: =Rdcr*AA18^2 -> 0.22713173 | AR18: =ABS(7.759*10^-3*Fsw^0.9458*(0.00787*Y18)^2.304) -> 0.0086013784 | AS18: =(Qg_tot+Qg_tot_HS)*Vcc*Fsw -> 0.044 | AT18: =IQ*T18 -> 9.9e-06 | AU18: =AP18+AO18+AI18+AD18+AS18+AT18+AQ18+AR18 -> 3.5688011 | AV18: =R18*S18 -> 16.5 | AW18: =(AV18/(AV18+AU18))*100 -> 82.217169
Q19: 12 | R19: =VOUT -> 50 | S19: =Q19*$O$12 -> 0.36 | T19: =VIN_var -> 3 | U19: =(R19*S19)/(T19*EFF_est) -> 6 | V19: =IF(Variable_Management!$B$20=3,2,IF((S19*R19/T19)<((T19*(1-(T19/R19)))/(2*Lm*Fsw)),1,2)) -> 2 | W19: =CHOOSE(V19,SQRT((2*S19*Lm*Fsw*(R19-T19))/((T19)^2)),1-(T19/R19)) -> 0.94 | X19: =CHOOSE(V19,(Lm*Z19*Fsw)/(R19-T19),1-W19) -> 0.06 | Y19: =(T19*W19)/(Lm*Fsw) -> 0.64090909 | Z19: =CHOOSE(V19,Y19,U19+(0.5*Y19)) -> 6.3204545 | AA19: =CHOOSE(V19,Z19*SQRT((W19+X19)/3),SQRT((U19^2)+((Y19^2)/12))) -> 6.0028519 | AB19: 0 | AC19: =(AA19^2)*Rdcr -> 0.27025673 | AD19: =AB19+AC19 -> 0.27025673 | AE19: =U19*W19 -> 5.64 | AF19: =CHOOSE(V19,Z19*SQRT(W19/3),SQRT(W19*((Z19^2)+((Y19^2)/3)-(Z19*Y19)))) -> 5.8199808 | AG19: =(AF19^2)*RDS_on -> 1.260045 | AH19: =((R19*U19)/2)*Fsw*(tr_sw+tf_sw) -> 1.252142 | AI19: =AG19+AH19 -> 2.512187 | AJ19: =X19*U19 -> 0.36 | AK19: =CHOOSE(V19,Z19*SQRT(X19/3),SQRT(X19*((Z19^2)+((Y19^2)/3)-(Y19*Z19)))) -> 1.4703924 | AL19: =(AK19^2)*RDS_on_HS -> 0.019026074 | AM19: =CHOOSE(V19,(R19+Vd_rect)*Qrr*Fsw,(R19+Vd_rect)*Qrr*Fsw) -> 0.737616 | AN19: =Vd_rect*t_dead*Fsw*Z19 -> 0.044496 | AO19: =AL19+AM19+AN19 -> 0.80113807 | AP19: =(AA19^2)*R_cs -> 0.072068461 | AQ19: =Rdcr*AA19^2 -> 0.27025673 | AR19: =ABS(7.759*10^-3*Fsw^0.9458*(0.00787*Y19)^2.304) -> 0.0086013784 | AS19: =(Qg_tot+Qg_tot_HS)*Vcc*Fsw -> 0.044 | AT19: =IQ*T19 -> 9.9e-06 | AU19: =AP19+AO19+AI19+AD19+AS19+AT19+AQ19+AR19 -> 3.9785182 | AV19: =R19*S19 -> 18 | AW19: =(AV19/(AV19+AU19))*100 -> 81.898151
Q20: 13 | R20: =VOUT -> 50 | S20: =Q20*$O$12 -> 0.39 | T20: =VIN_var -> 3 | U20: =(R20*S20)/(T20*EFF_est) -> 6.5 | V20: =IF(Variable_Management!$B$20=3,2,IF((S20*R20/T20)<((T20*(1-(T20/R20)))/(2*Lm*Fsw)),1,2)) -> 2 | W20: =CHOOSE(V20,SQRT((2*S20*Lm*Fsw*(R20-T20))/((T20)^2)),1-(T20/R20)) -> 0.94 | X20: =CHOOSE(V20,(Lm*Z20*Fsw)/(R20-T20),1-W20) -> 0.06 | Y20: =(T20*W20)/(Lm*Fsw) -> 0.64090909 | Z20: =CHOOSE(V20,Y20,U20+(0.5*Y20)) -> 6.8204545 | AA20: =CHOOSE(V20,Z20*SQRT((W20+X20)/3),SQRT((U20^2)+((Y20^2)/12))) -> 6.5026326 | AB20: 0 | AC20: =(AA20^2)*Rdcr -> 0.31713173 | AD20: =AB20+AC20 -> 0.31713173 | AE20: =U20*W20 -> 6.11 | AF20: =CHOOSE(V20,Z20*SQRT(W20/3),SQRT(W20*((Z20^2)+((Y20^2)/3)-(Z20*Y20)))) -> 6.3045362 | AG20: =(AF20^2)*RDS_on -> 1.478595 | AH20: =((R20*U20)/2)*Fsw*(tr_sw+tf_sw) -> 1.3564871 | AI20: =AG20+AH20 -> 2.8350821 | AJ20: =X20*U20 -> 0.39 | AK20: =CHOOSE(V20,Z20*SQRT(X20/3),SQRT(X20*((Z20^2)+((Y20^2)/3)-(Y20*Z20)))) -> 1.5928132 | AL20: =(AK20^2)*RDS_on_HS -> 0.022326074 | AM20: =CHOOSE(V20,(R20+Vd_rect)*Qrr*Fsw,(R20+Vd_rect)*Qrr*Fsw) -> 0.737616 | AN20: =Vd_rect*t_dead*Fsw*Z20 -> 0.048016 | AO20: =AL20+AM20+AN20 -> 0.80795807 | AP20: =(AA20^2)*R_cs -> 0.084568461 | AQ20: =Rdcr*AA20^2 -> 0.31713173 | AR20: =ABS(7.759*10^-3*Fsw^0.9458*(0.00787*Y20)^2.304) -> 0.0086013784 | AS20: =(Qg_tot+Qg_tot_HS)*Vcc*Fsw -> 0.044 | AT20: =IQ*T20 -> 9.9e-06 | AU20: =AP20+AO20+AI20+AD20+AS20+AT20+AQ20+AR20 -> 4.4144834 | AV20: =R20*S20 -> 19.5 | AW20: =(AV20/(AV20+AU20))*100 -> 81.540545
Q21: 14 | R21: =VOUT -> 50 | S21: =Q21*$O$12 -> 0.42 | T21: =VIN_var -> 3 | U21: =(R21*S21)/(T21*EFF_est) -> 7 | V21: =IF(Variable_Management!$B$20=3,2,IF((S21*R21/T21)<((T21*(1-(T21/R21)))/(2*Lm*Fsw)),1,2)) -> 2 | W21: =CHOOSE(V21,SQRT((2*S21*Lm*Fsw*(R21-T21))/((T21)^2)),1-(T21/R21)) -> 0.94 | X21: =CHOOSE(V21,(Lm*Z21*Fsw)/(R21-T21),1-W21) -> 0.06 | Y21: =(T21*W21)/(Lm*Fsw) -> 0.64090909 | Z21: =CHOOSE(V21,Y21,U21+(0.5*Y21)) -> 7.3204545 | AA21: =CHOOSE(V21,Z21*SQRT((W21+X21)/3),SQRT((U21^2)+((Y21^2)/12))) -> 7.0024446 | AB21: 0 | AC21: =(AA21^2)*Rdcr -> 0.36775673 | AD21: =AB21+AC21 -> 0.36775673 | AE21: =U21*W21 -> 6.58 | AF21: =CHOOSE(V21,Z21*SQRT(W21/3),SQRT(W21*((Z21^2)+((Y21^2)/3)-(Z21*Y21)))) -> 6.7891219 | AG21: =(AF21^2)*RDS_on -> 1.714629 | AH21: =((R21*U21)/2)*Fsw*(tr_sw+tf_sw) -> 1.4608323 | AI21: =AG21+AH21 -> 3.1754613 | AJ21: =X21*U21 -> 0.42 | AK21: =CHOOSE(V21,Z21*SQRT(X21/3),SQRT(X21*((Z21^2)+((Y21^2)/3)-(Y21*Z21)))) -> 1.7152416 | AL21: =(AK21^2)*RDS_on_HS -> 0.025890074 | AM21: =CHOOSE(V21,(R21+Vd_rect)*Qrr*Fsw,(R21+Vd_rect)*Qrr*Fsw) -> 0.737616 | AN21: =Vd_rect*t_dead*Fsw*Z21 -> 0.051536 | AO21: =AL21+AM21+AN21 -> 0.81504207 | AP21: =(AA21^2)*R_cs -> 0.098068461 | AQ21: =Rdcr*AA21^2 -> 0.36775673 | AR21: =ABS(7.759*10^-3*Fsw^0.9458*(0.00787*Y21)^2.304) -> 0.0086013784 | AS21: =(Qg_tot+Qg_tot_HS)*Vcc*Fsw -> 0.044 | AT21: =IQ*T21 -> 9.9e-06 | AU21: =AP21+AO21+AI21+AD21+AS21+AT21+AQ21+AR21 -> 4.8766965 | AV21: =R21*S21 -> 21 | AW21: =(AV21/(AV21+AU21))*100 -> 81.154099
Q22: 15 | R22: =VOUT -> 50 | S22: =Q22*$O$12 -> 0.45 | T22: =VIN_var -> 3 | U22: =(R22*S22)/(T22*EFF_est) -> 7.5 | V22: =IF(Variable_Management!$B$20=3,2,IF((S22*R22/T22)<((T22*(1-(T22/R22)))/(2*Lm*Fsw)),1,2)) -> 2 | W22: =CHOOSE(V22,SQRT((2*S22*Lm*Fsw*(R22-T22))/((T22)^2)),1-(T22/R22)) -> 0.94 | X22: =CHOOSE(V22,(Lm*Z22*Fsw)/(R22-T22),1-W22) -> 0.06 | Y22: =(T22*W22)/(Lm*Fsw) -> 0.64090909 | Z22: =CHOOSE(V22,Y22,U22+(0.5*Y22)) -> 7.8204545 | AA22: =CHOOSE(V22,Z22*SQRT((W22+X22)/3),SQRT((U22^2)+((Y22^2)/12))) -> 7.5022817 | AB22: 0 | AC22: =(AA22^2)*Rdcr -> 0.42213173 | AD22: =AB22+AC22 -> 0.42213173 | AE22: =U22*W22 -> 7.05 | AF22: =CHOOSE(V22,Z22*SQRT(W22/3),SQRT(W22*((Z22^2)+((Y22^2)/3)-(Z22*Y22)))) -> 7.273732 | AG22: =(AF22^2)*RDS_on -> 1.968147 | AH22: =((R22*U22)/2)*Fsw*(tr_sw+tf_sw) -> 1.5651775 | AI22: =AG22+AH22 -> 3.5333244 | AJ22: =X22*U22 -> 0.45 | AK22: =CHOOSE(V22,Z22*SQRT(X22/3),SQRT(X22*((Z22^2)+((Y22^2)/3)-(Y22*Z22)))) -> 1.8376762 | AL22: =(AK22^2)*RDS_on_HS -> 0.029718074 | AM22: =CHOOSE(V22,(R22+Vd_rect)*Qrr*Fsw,(R22+Vd_rect)*Qrr*Fsw) -> 0.737616 | AN22: =Vd_rect*t_dead*Fsw*Z22 -> 0.055056 | AO22: =AL22+AM22+AN22 -> 0.82239007 | AP22: =(AA22^2)*R_cs -> 0.11256846 | AQ22: =Rdcr*AA22^2 -> 0.42213173 | AR22: =ABS(7.759*10^-3*Fsw^0.9458*(0.00787*Y22)^2.304) -> 0.0086013784 | AS22: =(Qg_tot+Qg_tot_HS)*Vcc*Fsw -> 0.044 | AT22: =IQ*T22 -> 9.9e-06 | AU22: =AP22+AO22+AI22+AD22+AS22+AT22+AQ22+AR22 -> 5.3651577 | AV22: =R22*S22 -> 22.5 | AW22: =(AV22/(AV22+AU22))*100 -> 80.745999
Q23: 16 | R23: =VOUT -> 50 | S23: =Q23*$O$12 -> 0.48 | T23: =VIN_var -> 3 | U23: =(R23*S23)/(T23*EFF_est) -> 8 | V23: =IF(Variable_Management!$B$20=3,2,IF((S23*R23/T23)<((T23*(1-(T23/R23)))/(2*Lm*Fsw)),1,2)) -> 2 | W23: =CHOOSE(V23,SQRT((2*S23*Lm*Fsw*(R23-T23))/((T23)^2)),1-(T23/R23)) -> 0.94 | X23: =CHOOSE(V23,(Lm*Z23*Fsw)/(R23-T23),1-W23) -> 0.06 | Y23: =(T23*W23)/(Lm*Fsw) -> 0.64090909 | Z23: =CHOOSE(V23,Y23,U23+(0.5*Y23)) -> 8.3204545 | AA23: =CHOOSE(V23,Z23*SQRT((W23+X23)/3),SQRT((U23^2)+((Y23^2)/12))) -> 8.0021391 | AB23: 0 | AC23: =(AA23^2)*Rdcr -> 0.48025673 | AD23: =AB23+AC23 -> 0.48025673 | AE23: =U23*W23 -> 7.52 | AF23: =CHOOSE(V23,Z23*SQRT(W23/3),SQRT(W23*((Z23^2)+((Y23^2)/3)-(Z23*Y23)))) -> 7.7583617 | AG23: =(AF23^2)*RDS_on -> 2.239149 | AH23: =((R23*U23)/2)*Fsw*(tr_sw+tf_sw) -> 1.6695226 | AI23: =AG23+AH23 -> 3.9086716 | AJ23: =X23*U23 -> 0.48 | AK23: =CHOOSE(V23,Z23*SQRT(X23/3),SQRT(X23*((Z23^2)+((Y23^2)/3)-(Y23*Z23)))) -> 1.9601158 | AL23: =(AK23^2)*RDS_on_HS -> 0.033810074 | AM23: =CHOOSE(V23,(R23+Vd_rect)*Qrr*Fsw,(R23+Vd_rect)*Qrr*Fsw) -> 0.737616 | AN23: =Vd_rect*t_dead*Fsw*Z23 -> 0.058576 | AO23: =AL23+AM23+AN23 -> 0.83000207 | AP23: =(AA23^2)*R_cs -> 0.12806846 | AQ23: =Rdcr*AA23^2 -> 0.48025673 | AR23: =ABS(7.759*10^-3*Fsw^0.9458*(0.00787*Y23)^2.304) -> 0.0086013784 | AS23: =(Qg_tot+Qg_tot_HS)*Vcc*Fsw -> 0.044 | AT23: =IQ*T23 -> 9.9e-06 | AU23: =AP23+AO23+AI23+AD23+AS23+AT23+AQ23+AR23 -> 5.8798669 | AV23: =R23*S23 -> 24 | AW23: =(AV23/(AV23+AU23))*100 -> 80.321643
Q24: 17 | R24: =VOUT -> 50 | S24: =Q24*$O$12 -> 0.51 | T24: =VIN_var -> 3 | U24: =(R24*S24)/(T24*EFF_est) -> 8.5 | V24: =IF(Variable_Management!$B$20=3,2,IF((S24*R24/T24)<((T24*(1-(T24/R24)))/(2*Lm*Fsw)),1,2)) -> 2 | W24: =CHOOSE(V24,SQRT((2*S24*Lm*Fsw*(R24-T24))/((T24)^2)),1-(T24/R24)) -> 0.94 | X24: =CHOOSE(V24,(Lm*Z24*Fsw)/(R24-T24),1-W24) -> 0.06 | Y24: =(T24*W24)/(Lm*Fsw) -> 0.64090909 | Z24: =CHOOSE(V24,Y24,U24+(0.5*Y24)) -> 8.8204545 | AA24: =CHOOSE(V24,Z24*SQRT((W24+X24)/3),SQRT((U24^2)+((Y24^2)/12))) -> 8.5020133 | AB24: 0 | AC24: =(AA24^2)*Rdcr -> 0.54213173 | AD24: =AB24+AC24 -> 0.54213173 | AE24: =U24*W24 -> 7.99 | AF24: =CHOOSE(V24,Z24*SQRT(W24/3),SQRT(W24*((Z24^2)+((Y24^2)/3)-(Z24*Y24)))) -> 8.2430077 | AG24: =(AF24^2)*RDS_on -> 2.527635 | AH24: =((R24*U24)/2)*Fsw*(tr_sw+tf_sw) -> 1.7738678 | AI24: =AG24+AH24 -> 4.3015028 | AJ24: =X24*U24 -> 0.51 | AK24: =CHOOSE(V24,Z24*SQRT(X24/3),SQRT(X24*((Z24^2)+((Y24^2)/3)-(Y24*Z24)))) -> 2.0825594 | AL24: =(AK24^2)*RDS_on_HS -> 0.038166074 | AM24: =CHOOSE(V24,(R24+Vd_rect)*Qrr*Fsw,(R24+Vd_rect)*Qrr*Fsw) -> 0.737616 | AN24: =Vd_rect*t_dead*Fsw*Z24 -> 0.062096 | AO24: =AL24+AM24+AN24 -> 0.83787807 | AP24: =(AA24^2)*R_cs -> 0.14456846 | AQ24: =Rdcr*AA24^2 -> 0.54213173 | AR24: =ABS(7.759*10^-3*Fsw^0.9458*(0.00787*Y24)^2.304) -> 0.0086013784 | AS24: =(Qg_tot+Qg_tot_HS)*Vcc*Fsw -> 0.044 | AT24: =IQ*T24 -> 9.9e-06 | AU24: =AP24+AO24+AI24+AD24+AS24+AT24+AQ24+AR24 -> 6.420824 | AV24: =R24*S24 -> 25.5 | AW24: =(AV24/(AV24+AU24))*100 -> 79.885156
Q25: 18 | R25: =VOUT -> 50 | S25: =Q25*$O$12 -> 0.54 | T25: =VIN_var -> 3 | U25: =(R25*S25)/(T25*EFF_est) -> 9 | V25: =IF(Variable_Management!$B$20=3,2,IF((S25*R25/T25)<((T25*(1-(T25/R25)))/(2*Lm*Fsw)),1,2)) -> 2 | W25: =CHOOSE(V25,SQRT((2*S25*Lm*Fsw*(R25-T25))/((T25)^2)),1-(T25/R25)) -> 0.94 | X25: =CHOOSE(V25,(Lm*Z25*Fsw)/(R25-T25),1-W25) -> 0.06 | Y25: =(T25*W25)/(Lm*Fsw) -> 0.64090909 | Z25: =CHOOSE(V25,Y25,U25+(0.5*Y25)) -> 9.3204545 | AA25: =CHOOSE(V25,Z25*SQRT((W25+X25)/3),SQRT((U25^2)+((Y25^2)/12))) -> 9.0019015 | AB25: 0 | AC25: =(AA25^2)*Rdcr -> 0.60775673 | AD25: =AB25+AC25 -> 0.60775673 | AE25: =U25*W25 -> 8.46 | AF25: =CHOOSE(V25,Z25*SQRT(W25/3),SQRT(W25*((Z25^2)+((Y25^2)/3)-(Z25*Y25)))) -> 8.7276673 | AG25: =(AF25^2)*RDS_on -> 2.833605 | AH25: =((R25*U25)/2)*Fsw*(tr_sw+tf_sw) -> 1.878213 | AI25: =AG25+AH25 -> 4.7118179 | AJ25: =X25*U25 -> 0.54 | AK25: =CHOOSE(V25,Z25*SQRT(X25/3),SQRT(X25*((Z25^2)+((Y25^2)/3)-(Y25*Z25)))) -> 2.2050065 | AL25: =(AK25^2)*RDS_on_HS -> 0.042786074 | AM25: =CHOOSE(V25,(R25+Vd_rect)*Qrr*Fsw,(R25+Vd_rect)*Qrr*Fsw) -> 0.737616 | AN25: =Vd_rect*t_dead*Fsw*Z25 -> 0.065616 | AO25: =AL25+AM25+AN25 -> 0.84601807 | AP25: =(AA25^2)*R_cs -> 0.16206846 | AQ25: =Rdcr*AA25^2 -> 0.60775673 | AR25: =ABS(7.759*10^-3*Fsw^0.9458*(0.00787*Y25)^2.304) -> 0.0086013784 | AS25: =(Qg_tot+Qg_tot_HS)*Vcc*Fsw -> 0.044 | AT25: =IQ*T25 -> 9.9e-06 | AU25: =AP25+AO25+AI25+AD25+AS25+AT25+AQ25+AR25 -> 6.9880292 | AV25: =R25*S25 -> 27 | AW25: =(AV25/(AV25+AU25))*100 -> 79.439734
Q26: 19 | R26: =VOUT -> 50 | S26: =Q26*$O$12 -> 0.57 | T26: =VIN_var -> 3 | U26: =(R26*S26)/(T26*EFF_est) -> 9.5 | V26: =IF(Variable_Management!$B$20=3,2,IF((S26*R26/T26)<((T26*(1-(T26/R26)))/(2*Lm*Fsw)),1,2)) -> 2 | W26: =CHOOSE(V26,SQRT((2*S26*Lm*Fsw*(R26-T26))/((T26)^2)),1-(T26/R26)) -> 0.94 | X26: =CHOOSE(V26,(Lm*Z26*Fsw)/(R26-T26),1-W26) -> 0.06 | Y26: =(T26*W26)/(Lm*Fsw) -> 0.64090909 | Z26: =CHOOSE(V26,Y26,U26+(0.5*Y26)) -> 9.8204545 | AA26: =CHOOSE(V26,Z26*SQRT((W26+X26)/3),SQRT((U26^2)+((Y26^2)/12))) -> 9.5018014 | AB26: 0 | AC26: =(AA26^2)*Rdcr -> 0.67713173 | AD26: =AB26+AC26 -> 0.67713173 | AE26: =U26*W26 -> 8.93 | AF26: =CHOOSE(V26,Z26*SQRT(W26/3),SQRT(W26*((Z26^2)+((Y26^2)/3)-(Z26*Y26)))) -> 9.2123383 | AG26: =(AF26^2)*RDS_on -> 3.157059 | AH26: =((R26*U26)/2)*Fsw*(tr_sw+tf_sw) -> 1.9825581 | AI26: =AG26+AH26 -> 5.1396171 | AJ26: =X26*U26 -> 0.57 | AK26: =CHOOSE(V26,Z26*SQRT(X26/3),SQRT(X26*((Z26^2)+((Y26^2)/3)-(Y26*Z26)))) -> 2.3274565 | AL26: =(AK26^2)*RDS_on_HS -> 0.047670074 | AM26: =CHOOSE(V26,(R26+Vd_rect)*Qrr*Fsw,(R26+Vd_rect)*Qrr*Fsw) -> 0.737616 | AN26: =Vd_rect*t_dead*Fsw*Z26 -> 0.069136 | AO26: =AL26+AM26+AN26 -> 0.85442207 | AP26: =(AA26^2)*R_cs -> 0.18056846 | AQ26: =Rdcr*AA26^2 -> 0.67713173 | AR26: =ABS(7.759*10^-3*Fsw^0.9458*(0.00787*Y26)^2.304) -> 0.0086013784 | AS26: =(Qg_tot+Qg_tot_HS)*Vcc*Fsw -> 0.044 | AT26: =IQ*T26 -> 9.9e-06 | AU26: =AP26+AO26+AI26+AD26+AS26+AT26+AQ26+AR26 -> 7.5814824 | AV26: =R26*S26 -> 28.5 | AW26: =(AV26/(AV26+AU26))*100 -> 78.987886
Q27: 20 | R27: =VOUT -> 50 | S27: =Q27*$O$12 -> 0.6 | T27: =VIN_var -> 3 | U27: =(R27*S27)/(T27*EFF_est) -> 10 | V27: =IF(Variable_Management!$B$20=3,2,IF((S27*R27/T27)<((T27*(1-(T27/R27)))/(2*Lm*Fsw)),1,2)) -> 2 | W27: =CHOOSE(V27,SQRT((2*S27*Lm*Fsw*(R27-T27))/((T27)^2)),1-(T27/R27)) -> 0.94 | X27: =CHOOSE(V27,(Lm*Z27*Fsw)/(R27-T27),1-W27) -> 0.06 | Y27: =(T27*W27)/(Lm*Fsw) -> 0.64090909 | Z27: =CHOOSE(V27,Y27,U27+(0.5*Y27)) -> 10.320455 | AA27: =CHOOSE(V27,Z27*SQRT((W27+X27)/3),SQRT((U27^2)+((Y27^2)/12))) -> 10.001711 | AB27: 0 | AC27: =(AA27^2)*Rdcr -> 0.75025673 | AD27: =AB27+AC27 -> 0.75025673 | AE27: =U27*W27 -> 9.4 | AF27: =CHOOSE(V27,Z27*SQRT(W27/3),SQRT(W27*((Z27^2)+((Y27^2)/3)-(Z27*Y27)))) -> 9.697019 | AG27: =(AF27^2)*RDS_on -> 3.497997 | AH27: =((R27*U27)/2)*Fsw*(tr_sw+tf_sw) -> 2.0869033 | AI27: =AG27+AH27 -> 5.5849003 | AJ27: =X27*U27 -> 0.6 | AK27: =CHOOSE(V27,Z27*SQRT(X27/3),SQRT(X27*((Z27^2)+((Y27^2)/3)-(Y27*Z27)))) -> 2.4499089 | AL27: =(AK27^2)*RDS_on_HS -> 0.052818074 | AM27: =CHOOSE(V27,(R27+Vd_rect)*Qrr*Fsw,(R27+Vd_rect)*Qrr*Fsw) -> 0.737616 | AN27: =Vd_rect*t_dead*Fsw*Z27 -> 0.072656 | AO27: =AL27+AM27+AN27 -> 0.86309007 | AP27: =(AA27^2)*R_cs -> 0.20006846 | AQ27: =Rdcr*AA27^2 -> 0.75025673 | AR27: =ABS(7.759*10^-3*Fsw^0.9458*(0.00787*Y27)^2.304) -> 0.0086013784 | AS27: =(Qg_tot+Qg_tot_HS)*Vcc*Fsw -> 0.044 | AT27: =IQ*T27 -> 9.9e-06 | AU27: =AP27+AO27+AI27+AD27+AS27+AT27+AQ27+AR27 -> 8.2011835 | AV27: =R27*S27 -> 30 | AW27: =(AV27/(AV27+AU27))*100 -> 78.531598
... Q157: 150 | R157: =VOUT -> 50 | S157: =Q157*$O$12 -> 4.5 | T157: =VIN_var -> 3 | U157: =(R157*S157)/(T157*EFF_est) -> 75 | V157: =IF(Variable_Management!$B$20=3,2,IF((S157*R157/T157)<((T157*(1-(T157/R157)))/(2*Lm*Fsw)),1,2)) -> 2 | W157: =CHOOSE(V157,SQRT((2*S157*Lm*Fsw*(R157-T157))/((T157)^2)),1-(T157/R157)) -> 0.94 | X157: =CHOOSE(V157,(Lm*Z157*Fsw)/(R157-T157),1-W157) -> 0.06 | Y157: =(T157*W157)/(Lm*Fsw) -> 0.64090909 | Z157: =CHOOSE(V157,Y157,U157+(0.5*Y157)) -> 75.320455 | AA157: =CHOOSE(V157,Z157*SQRT((W157+X157)/3),SQRT((U157^2)+((Y157^2)/12))) -> 75.000228 | AB157: 0 | AC157: =(AA157^2)*Rdcr -> 42.187757 | AD157: =AB157+AC157 -> 42.187757 | AE157: =U157*W157 -> 70.5 | AF157: =CHOOSE(V157,Z157*SQRT(W157/3),SQRT(W157*((Z157^2)+((Y157^2)/3)-(Z157*Y157)))) -> 72.715419 | AG157: =(AF157^2)*RDS_on -> 196.6962 | AH157: =((R157*U157)/2)*Fsw*(tr_sw+tf_sw) -> 15.651775 | AI157: =AG157+AH157 -> 212.34797 | AJ157: =X157*U157 -> 4.5 | AK157: =CHOOSE(V157,Z157*SQRT(X157/3),SQRT(X157*((Z157^2)+((Y157^2)/3)-(Y157*Z157)))) -> 18.371229 | AL157: =(AK157^2)*RDS_on_HS -> 2.9700181 | AM157: =CHOOSE(V157,(R157+Vd_rect)*Qrr*Fsw,(R157+Vd_rect)*Qrr*Fsw) -> 0.737616 | AN157: =Vd_rect*t_dead*Fsw*Z157 -> 0.530256 | AO157: =AL157+AM157+AN157 -> 4.2378901 | AP157: =(AA157^2)*R_cs -> 11.250068 | AQ157: =Rdcr*AA157^2 -> 42.187757 | AR157: =ABS(7.759*10^-3*Fsw^0.9458*(0.00787*Y157)^2.304) -> 0.0086013784 | AS157: =(Qg_tot+Qg_tot_HS)*Vcc*Fsw -> 0.044 | AT157: =IQ*T157 -> 9.9e-06 | AU157: =AP157+AO157+AI157+AD157+AS157+AT157+AQ157+AR157 -> 312.26406 | AV157: =R157*S157 -> 225 | AW157: =(AV157/(AV157+AU157))*100 -> 41.878849

Sheet Loop_Modeling
A1: EXCEL Variables Names/Calculations | N1: Calculations
B2: Input from user =
B3: Output = | O3: Operating mode
B4: Constant | P4: CCM Plant Transfer Function | AF4: DCM Operation Loop Model | AS4: Error Amplifier | BF4: CCM Open Loop Response | BI4: DCM Open Loop Response | BL4: Displayed Loop Calclation
Q5: wp_lf | T5: wz_esr | W5: wz_esr | Z5: Sampling | AC5: Total | AG5: wp_lf | AJ5: wz_esr | AM5: wz_RHP | AP5: Total | AT5: wp0_ea | AW5: wp1_ea | AZ5: wz_ea | BC5: Total | BF5: Total | BI5: Total | BL5: Total
A6: Variable Name | B6: Value | C6: STD Units | E6: Notes | P6: ADC | Q6: Complex | R6: Gain | S6: Phase | T6: Complex | U6: Gain | V6: Phase | W6: Complex | X6: Gain | Y6: Phase | Z6: Complex | AA6: Gain | AB6: Phase | AC6: COMPLEX | AD6: Gain | AE6: Phase | AF6: ADC | AG6: Complex | AH6: Gain | AI6: Phase | AJ6: Complex | AK6: Gain | AL6: Phase | AM6: Complex | AN6: Gain | AO6: Phase | AP6: COMPLEX | AQ6: Gain | AR6: Phase | AS6: ADC_ea | AT6: Complex | AU6: Gain | AV6: Phase | AW6: Complex | AX6: Gain | AY6: Phase | AZ6: Complex | BA6: Gain | BB6: Phase | BC6: COMPLEX | BD6: Gain | BE6: Phase | BF6: COMPLEX | BG6: Gain | BH6: Phase | BI6: COMPLEX | BJ6: Gain | BK6: Phase | BL6: Gain | BM6: Phase
N7: Frcoss (VIN)min | O7: =fcross -> 1400 | P7: =COMPLEX(ADC_VINmin,0) -> 50.2742230347349 | Q7: =IMSUM(COMPLEX(1,0),IMDIV(COMPLEX(0,2*PI()*O7),COMPLEX(wp_lf_VINmin,0))) -> 1+20.7850526752129i | R7: =IMABS(Q7) -> 20.809095 | S7: =IMARGUMENT(Q7) -> 1.5227219 | T7: =IMSUM(COMPLEX(1,0),IMDIV(COMPLEX(0,2*PI()*O7),COMPLEX(wz_esr_VINmin,0))) -> 1+0.144701757624346i | U7: =IMABS(T7) -> 1.0104151 | V7: =IMARGUMENT(T7) -> 0.14370431 | W7: =IMSUB(COMPLEX(1,0),IMDIV(COMPLEX(0,2*PI()*O7),COMPLEX(wz_RHP_VINmin,0))) -> 1-0.197920337176157i | X7: =IMABS(W7) -> 1.0193981 | Y7: =IMARGUMENT(W7) -> -0.19539509 | Z7: =IMSUM(COMPLEX(1,0),IMDIV(COMPLEX(0,2*PI()*O7),COMPLEX(Q_VINmin*(wsl_VINmin/2),0)),IMDIV(IMPOWER(COMPLEX(0,2*PI()*O7),2),IMPOWER(COMPLEX(wsl_VINmin/2,0),2))) -> 0.999959504132231+0.0335864814601963i | AA7: =IMABS(Z7) -> 1.0005234 | AB7: =IMARGUMENT(Z7) -> 0.03357522 | AC7: =(IMDIV(IMPRODUCT(P7,T7,W7),IMPRODUCT(Q7,Z7))) -> -0.092481094206573-2.48546775327198i | AD7: =20*LOG(IMABS(AC7)) -> 7.9141713 | AE7: =(180/PI())*IMARGUMENT(AC7) -> -92.13092 | AF7: =COMPLEX($B$72,0) -> 247.084651286898 | AG7: =IMSUM(COMPLEX(1,0),IMDIV(COMPLEX(0,2*PI()*O7),COMPLEX(wp_lf_DCM,0))) -> 1+22.2581659575986i | AH7: =IMABS(AG7) -> 22.280618 | AI7: =IMARGUMENT(AG7) -> 1.5258992 | AJ7: =IMSUM(COMPLEX(1,0),IMDIV(COMPLEX(0,2*PI()*O7),COMPLEX(wz1_dcm,0))) -> 1+0.144701757624346i | AK7: =IMABS(AJ7) -> 1.0104151 | AL7: =IMARGUMENT(AJ7) -> 0.14370431 | AM7: =IMSUB(COMPLEX(1,0),IMDIV(COMPLEX(0,2*PI()*O7),COMPLEX(wz2_dcm,0))) -> 1-0.143747565784003i | AN7: =IMABS(AM7) -> 1.0102789 | AO7: =IMARGUMENT(AM7) -> -0.14276956 | AP7: =(IMDIV(IMPRODUCT(AF7,AJ7,AM7),IMPRODUCT(AG7))) -> 0.518651096303595-11.3084560174839i | AQ7: =20*LOG(IMABS(AP7)) -> 21.077192 | AR7: =(180/PI())*IMARGUMENT(AP7) -> -87.374026 | AS7: =COMPLEX(Adc_ea,0) -> -0.0000166666666666667 | AT7: =COMPLEX(0,2*PI()*O7*wp0_ea) -> 0.0000299079620621748i | AU7: =IMABS(AT7) -> 2.9907962e-05 | AV7: =IMARGUMENT(AT7) -> 1.5707963 | AW7: =IMSUM(COMPLEX(1,0),IMDIV(COMPLEX(0,2*PI()*O7),COMPLEX(wp1_ea,0))) -> 1+0.0303943545247777i | AX7: =IMABS(AW7) -> 1.0004618 | AY7: =IMARGUMENT(AW7) -> 0.030385 | AZ7: =IMSUM(COMPLEX(1,0),IMDIV(COMPLEX(0,2*PI()*O7),COMPLEX(wz_ea,0))) -> 1+1.03340805384244i | BA7: =IMABS(AZ7) -> 1.4380307 | BB7: =IMARGUMENT(AZ7) -> 0.80182627 | BC7: =IMPRODUCT(AS7,IMDIV(AZ7,IMPRODUCT(AT7,AW7))) -> -0.55842875082386+0.574238288333766i | BD7: =20*LOG(IMABS(BC7)) -> -1.9274087 | BE7: =(180/PI())*IMARGUMENT(BC7) -> 134.20033 | BF7: =IMPRODUCT(AC7,BC7) -> 1.47889485026027+1.33485046743224i | BG7: =20*LOG(IMABS(BF7)) -> 5.9867626 | BH7: =(180/PI())*IMARGUMENT(BF7) -> 42.069409 | BI7: =IMPRODUCT(AP7,BC7) -> 6.20411874335539+6.6127962853739i | BJ7: =20*LOG(IMABS(BI7)) -> 19.149783 | BK7: =(180/PI())*IMARGUMENT(BI7) -> 46.826303 | BL7: =IF($B$31=0,BJ7,BG7) -> 5.9867626 | BM7: =IF($B$31=0,BK7,BH7) -> 42.069409
N8: Fcross (VINvar) | O8: =fcross -> 1400 | P8: =COMPLEX(Adc,0) -> 16.5157725627975 | Q8: =IMSUM(COMPLEX(1,0),IMDIV(COMPLEX(0,2*PI()*O8),COMPLEX(wp_lf,0))) -> 1+22.760583984388i | R8: =IMABS(Q8) -> 22.782541 | S8: =IMARGUMENT(Q8) -> 1.526889 | T8: =IMSUM(COMPLEX(1,0),IMDIV(COMPLEX(0,2*PI()*O8),COMPLEX(wz_esr,0))) -> 1+0.144701757624346i | U8: =IMABS(T8) -> 1.0104151 | V8: =IMARGUMENT(T8) -> 0.14370431 | W8: =IMSUB(COMPLEX(1,0),IMDIV(COMPLEX(0,2*PI()*O8),COMPLEX(wz_rhp,0))) -> 1-2.19911485751286i | X8: =IMABS(W8) -> 2.4158034 | Y8: =IMARGUMENT(W8) -> -1.1440172 | Z8: =IMSUM(COMPLEX(1,0),IMDIV(COMPLEX(0,2*PI()*O8),COMPLEX(Q*(wsl/2),0)),IMDIV(IMPOWER(COMPLEX(0,2*PI()*O8),2),IMPOWER(COMPLEX(wsl/2,0),2))) -> 0.999959504132231+0.0307876080051799i | AA8: =IMABS(Z8) -> 1.0004333 | AB8: =IMARGUMENT(Z8) -> 0.030779132 | AC8: =(IMDIV(IMPRODUCT(P8,T8,W8),IMPRODUCT(Q8,Z8))) -> -1.47599479357241-0.974662318114615i | AD8: =20*LOG(IMABS(AC8)) -> 4.9533994 | AE8: =(180/PI())*IMARGUMENT(AC8) -> -146.56152 | AF8: =COMPLEX($B$72,0) -> 247.084651286898 | AG8: =IMSUM(COMPLEX(1,0),IMDIV(COMPLEX(0,2*PI()*O8),COMPLEX(wp_lf_DCM,0))) -> 1+22.2581659575986i | AH8: =IMABS(AG8) -> 22.280618 | AI8: =IMARGUMENT(AG8) -> 1.5258992 | AJ8: =IMSUM(COMPLEX(1,0),IMDIV(COMPLEX(0,2*PI()*O8),COMPLEX(wz1_dcm,0))) -> 1+0.144701757624346i | AK8: =IMABS(AJ8) -> 1.0104151 | AL8: =IMARGUMENT(AJ8) -> 0.14370431 | AM8: =IMSUB(COMPLEX(1,0),IMDIV(COMPLEX(0,2*PI()*O8),COMPLEX(wz2_dcm,0))) -> 1-0.143747565784003i | AN8: =IMABS(AM8) -> 1.0102789 | AO8: =IMARGUMENT(AM8) -> -0.14276956 | AP8: =(IMDIV(IMPRODUCT(AF8,AJ8,AM8),IMPRODUCT(AG8))) -> 0.518651096303595-11.3084560174839i | AQ8: =20*LOG(IMABS(AP8)) -> 21.077192 | AR8: =(180/PI())*IMARGUMENT(AP8) -> -87.374026 | AS8: =COMPLEX(Adc_ea,0) -> -0.0000166666666666667 | AT8: =COMPLEX(0,2*PI()*O8*wp0_ea) -> 0.0000299079620621748i | AU8: =IMABS(AT8) -> 2.9907962e-05 | AV8: =IMARGUMENT(AT8) -> 1.5707963 | AW8: =IMSUM(COMPLEX(1,0),IMDIV(COMPLEX(0,2*PI()*O8),COMPLEX(wp1_ea,0))) -> 1+0.0303943545247777i | AX8: =IMABS(AW8) -> 1.0004618 | AY8: =IMARGUMENT(AW8) -> 0.030385 | AZ8: =IMSUM(COMPLEX(1,0),IMDIV(COMPLEX(0,2*PI()*O8),COMPLEX(wz_ea,0))) -> 1+1.03340805384244i | BA8: =IMABS(AZ8) -> 1.4380307 | BB8: =IMARGUMENT(AZ8) -> 0.80182627 | BC8: =IMPRODUCT(AS8,IMDIV(AZ8,IMPRODUCT(AT8,AW8))) -> -0.55842875082386+0.574238288333766i | BD8: =20*LOG(IMABS(BC8)) -> -1.9274087 | BE8: =(180/PI())*IMARGUMENT(BC8) -> 134.20033 | BF8: =IMPRODUCT(AC8,BC8) -> 1.38392635005472-0.303293263070739i | BG8: =20*LOG(IMABS(BF8)) -> 3.0259907 | BH8: =(180/PI())*IMARGUMENT(BF8) -> -12.361186 | BI8: =IMPRODUCT(AP8,BC8) -> 6.20411874335539+6.6127962853739i | BJ8: =20*LOG(IMABS(BI8)) -> 19.149783 | BK8: =(180/PI())*IMARGUMENT(BI8) -> 46.826303 | BL8: =IF($B$31=0,BJ8,BG8) -> 3.0259907 | BM8: =IF($B$31=0,BK8,BH8) -> -12.361186
A9: Input Parameters | N9: wz_RHP | O9: =IF($B$31=0,B78,wz_rhp/(2*PI())) -> 636.61977 | P9: =COMPLEX(Adc,0) -> 16.5157725627975 | Q9: =IMSUM(COMPLEX(1,0),IMDIV(COMPLEX(0,2*PI()*O9),COMPLEX(wp_lf,0))) -> 1+10.3498841393531i | R9: =IMABS(Q9) -> 10.398082 | S9: =IMARGUMENT(Q9) -> 1.4744759 | T9: =IMSUM(COMPLEX(1,0),IMDIV(COMPLEX(0,2*PI()*O9),COMPLEX(wz_esr,0))) -> 1+0.0658i | U9: =IMABS(T9) -> 1.0021625 | V9: =IMARGUMENT(T9) -> 0.065705282 | W9: =IMSUB(COMPLEX(1,0),IMDIV(COMPLEX(0,2*PI()*O9),COMPLEX(wz_rhp,0))) -> 1-i | X9: =IMABS(W9) -> 1.4142136 | Y9: =IMARGUMENT(W9) -> -0.78539816 | Z9: =IMSUM(COMPLEX(1,0),IMDIV(COMPLEX(0,2*PI()*O9),COMPLEX(Q*(wsl/2),0)),IMDIV(IMPOWER(COMPLEX(0,2*PI()*O9),2),IMPOWER(COMPLEX(wsl/2,0),2))) -> 0.999991626348459+0.014i | AA9: =IMABS(Z9) -> 1.0000896 | AB9: =IMARGUMENT(Z9) -> 0.013999203 | AC9: =(IMDIV(IMPRODUCT(P9,T9,W9),IMPRODUCT(Q9,Z9))) -> -1.33948859332938-1.8089795848172i | AD9: =20*LOG(IMABS(AC9)) -> 7.0471978 | AE9: =(180/PI())*IMARGUMENT(AC9) -> -126.5187 | AF9: =COMPLEX($B$72,0) -> 247.084651286898 | AG9: =IMSUM(COMPLEX(1,0),IMDIV(COMPLEX(0,2*PI()*O9),COMPLEX(wp_lf_DCM,0))) -> 1+10.1214203894616i | AH9: =IMABS(AG9) -> 10.170701 | AI9: =IMARGUMENT(AG9) -> 1.4723156 | AJ9: =IMSUM(COMPLEX(1,0),IMDIV(COMPLEX(0,2*PI()*O9),COMPLEX(wz1_dcm,0))) -> 1+0.0658i | AK9: =IMABS(AJ9) -> 1.0021625 | AL9: =IMARGUMENT(AJ9) -> 0.065705282 | AM9: =IMSUB(COMPLEX(1,0),IMDIV(COMPLEX(0,2*PI()*O9),COMPLEX(wz2_dcm,0))) -> 1-0.0653661018627184i | AN9: =IMABS(AM9) -> 1.0021341 | AO9: =IMARGUMENT(AM9) -> -0.065273243 | AP9: =(IMDIV(IMPRODUCT(AF9,AJ9,AM9),IMPRODUCT(AG9))) -> 2.40936684475397-24.2790051382414i | AQ9: =20*LOG(IMABS(AP9)) -> 27.747177 | AR9: =(180/PI())*IMARGUMENT(AP9) -> -84.332715 | AS9: =COMPLEX(Adc_ea,0) -> -0.0000166666666666667 | AT9: =COMPLEX(0,2*PI()*O9*wp0_ea) -> 0.0000136i | AU9: =IMABS(AT9) -> 1.36e-05 | AV9: =IMARGUMENT(AT9) -> 1.5707963 | AW9: =IMSUM(COMPLEX(1,0),IMDIV(COMPLEX(0,2*PI()*O9),COMPLEX(wp1_ea,0))) -> 1+0.0138211764705882i | AX9: =IMABS(AW9) -> 1.0000955 | AY9: =IMARGUMENT(AW9) -> 0.013820297 | AZ9: =IMSUM(COMPLEX(1,0),IMDIV(COMPLEX(0,2*PI()*O9),COMPLEX(wz_ea,0))) -> 1+0.46992i | BA9: =IMABS(AZ9) -> 1.1049094 | BB9: =IMARGUMENT(AZ9) -> 0.43929536 | BC9: =IMPRODUCT(AS9,IMDIV(AZ9,IMPRODUCT(AT9,AW9))) -> -0.558837884716523+1.23321399310155i | BD9: =20*LOG(IMABS(BC9)) -> 2.6319007 | BE9: =(180/PI())*IMARGUMENT(BC9) -> 114.37793 | BF9: =IMPRODUCT(AC9,BC9) -> 2.9794159093297-0.640949752219085i | BG9: =20*LOG(IMABS(BF9)) -> 9.6790985 | BH9: =(180/PI())*IMARGUMENT(BF9) -> -12.140779 | BI9: =IMPRODUCT(AP9,BC9) -> 28.5947634040353+16.5392927819419i | BJ9: =20*LOG(IMABS(BI9)) -> 30.379078 | BK9: =(180/PI())*IMARGUMENT(BI9) -> 30.045211 | BL9: =IF($B$31=0,BJ9,BG9) -> 9.6790985 | BM9: =IF($B$31=0,BK9,BH9) -> -12.140779
A10: VIN_min | B10: =VIN_min -> 10 | C10: V | E10: Minimum input voltage | N10: wz_esr | O10: =IF(B31=0,B76,wz_esr/(2*PI())) -> 9675.0725 | P10: =COMPLEX(Adc,0) -> 16.5157725627975 | Q10: =IMSUM(COMPLEX(1,0),IMDIV(COMPLEX(0,2*PI()*O10),COMPLEX(wp_lf,0))) -> 1+157.293072026643i | R10: =IMABS(Q10) -> 157.29625 | S10: =IMARGUMENT(Q10) -> 1.5644389 | T10: =IMSUM(COMPLEX(1,0),IMDIV(COMPLEX(0,2*PI()*O10),COMPLEX(wz_esr,0))) -> 1+i | U10: =IMABS(T10) -> 1.4142136 | V10: =IMARGUMENT(T10) -> 0.78539816 | W10: =IMSUB(COMPLEX(1,0),IMDIV(COMPLEX(0,2*PI()*O10),COMPLEX(wz_rhp,0))) -> 1-15.1975683890577i | X10: =IMABS(W10) -> 15.230433 | Y10: =IMARGUMENT(W10) -> -1.505091 | Z10: =IMSUM(COMPLEX(1,0),IMDIV(COMPLEX(0,2*PI()*O10),COMPLEX(Q*(wsl/2),0)),IMDIV(IMPOWER(COMPLEX(0,2*PI()*O10),2),IMPOWER(COMPLEX(wsl/2,0),2))) -> 0.998065970486995+0.212765957446808i | AA10: =IMABS(Z10) -> 1.0204925 | AB10: =IMARGUMENT(Z10) -> 0.21003425 | AC10: =(IMDIV(IMPRODUCT(P10,T10,W10),IMPRODUCT(Q10,Z10))) -> -1.76768160054785-1.33663568098271i | AD10: =20*LOG(IMABS(AC10)) -> 6.9119586 | AE10: =(180/PI())*IMARGUMENT(AC10) -> -142.90518 | AF10: =COMPLEX($B$72,0) -> 247.084651286898 | AG10: =IMSUM(COMPLEX(1,0),IMDIV(COMPLEX(0,2*PI()*O10),COMPLEX(wp_lf_DCM,0))) -> 1+153.820978563247i | AH10: =IMABS(AG10) -> 153.82423 | AI10: =IMARGUMENT(AG10) -> 1.5642954 | AJ10: =IMSUM(COMPLEX(1,0),IMDIV(COMPLEX(0,2*PI()*O10),COMPLEX(wz1_dcm,0))) -> 1+i | AK10: =IMABS(AJ10) -> 1.4142136 | AL10: =IMARGUMENT(AJ10) -> 0.78539816 | AM10: =IMSUB(COMPLEX(1,0),IMDIV(COMPLEX(0,2*PI()*O10),COMPLEX(wz2_dcm,0))) -> 1-0.993405803384777i | AN10: =IMABS(AM10) -> 1.4095585 | AO10: =IMARGUMENT(AM10) -> -0.78209017 | AP10: =(IMDIV(IMPRODUCT(AF10,AJ10,AM10),IMPRODUCT(AG10))) -> 0.0314076432723136-3.20182965132306i | AQ10: =20*LOG(IMABS(AP10)) -> 10.108382 | AR10: =(180/PI())*IMARGUMENT(AP10) -> -89.437988 | AS10: =COMPLEX(Adc_ea,0) -> -0.0000166666666666667 | AT10: =COMPLEX(0,2*PI()*O10*wp0_ea) -> 0.000206686930091185i | AU10: =IMABS(AT10) -> 0.00020668693 | AV10: =IMARGUMENT(AT10) -> 1.5707963 | AW10: =IMSUM(COMPLEX(1,0),IMDIV(COMPLEX(0,2*PI()*O10),COMPLEX(wp1_ea,0))) -> 1+0.210048274629i | AX10: =IMABS(AW10) -> 1.021822 | AY10: =IMARGUMENT(AW10) -> 0.20703843 | AZ10: =IMSUM(COMPLEX(1,0),IMDIV(COMPLEX(0,2*PI()*O10),COMPLEX(wz_ea,0))) -> 1+7.14164133738602i | BA10: =IMABS(AZ10) -> 7.2113134 | BB10: =IMARGUMENT(AZ10) -> 1.431677 | BC10: =IMPRODUCT(AS10,IMDIV(AZ10,IMPRODUCT(AT10,AW10))) -> -0.535325908929803+0.193081538436867i | BD10: =20*LOG(IMABS(BC10)) -> -4.8965032 | BE10: =(180/PI())*IMARGUMENT(BC10) -> 160.16662 | BF10: =IMPRODUCT(AC10,BC10) -> 1.20436543312552+0.374229027929753i | BG10: =20*LOG(IMABS(BF10)) -> 2.0154554 | BH10: =(180/PI())*IMARGUMENT(BF10) -> 17.261438 | BI10: =IMPRODUCT(AP10,BC10) -> 0.60140086970814+1.72008660441461i | BJ10: =20*LOG(IMABS(BI10)) -> 5.2118791 | BK10: =(180/PI())*IMARGUMENT(BI10) -> 70.728634 | BL10: =IF($B$31=0,BJ10,BG10) -> 2.0154554 | BM10: =IF($B$31=0,BK10,BH10) -> 17.261438
A11: VIN_nom | B11: =VIN_nom -> 3 | C11: V | E11: Nominal input voltage | N11: wp_lf | O11: =IF(B31=0,B74,wp_lf/(2*PI())) -> 61.509845 | P11: =COMPLEX(Adc,0) -> 16.5157725627975 | Q11: =IMSUM(COMPLEX(1,0),IMDIV(COMPLEX(0,2*PI()*O11),COMPLEX(wp_lf,0))) -> 1+i | R11: =IMABS(Q11) -> 1.4142136 | S11: =IMARGUMENT(Q11) -> 0.78539816 | T11: =IMSUM(COMPLEX(1,0),IMDIV(COMPLEX(0,2*PI()*O11),COMPLEX(wz_esr,0))) -> 1+0.00635755909090909i | U11: =IMABS(T11) -> 1.0000202 | V11: =IMARGUMENT(T11) -> 0.0063574734 | W11: =IMSUB(COMPLEX(1,0),IMDIV(COMPLEX(0,2*PI()*O11),COMPLEX(wz_rhp,0))) -> 1-0.0966194390715667i | X11: =IMABS(W11) -> 1.0046568 | Y11: =IMARGUMENT(W11) -> -0.096320454 | Z11: =IMSUM(COMPLEX(1,0),IMDIV(COMPLEX(0,2*PI()*O11),COMPLEX(Q*(wsl/2),0)),IMDIV(IMPOWER(COMPLEX(0,2*PI()*O11),2),IMPOWER(COMPLEX(wsl/2,0),2))) -> 0.999999921829317+0.00135267214700193i | AA11: =IMABS(Z11) -> 1.0000008 | AB11: =IMARGUMENT(Z11) -> 0.0013526714 | AC11: =(IMDIV(IMPRODUCT(P11,T11,W11),IMPRODUCT(Q11,Z11))) -> 7.50538799587183-9.01848417665106i | AD11: =20*LOG(IMABS(AC11)) -> 21.388201 | AE11: =(180/PI())*IMARGUMENT(AC11) -> -50.232001 | AF11: =COMPLEX($B$72,0) -> 247.084651286898 | AG11: =IMSUM(COMPLEX(1,0),IMDIV(COMPLEX(0,2*PI()*O11),COMPLEX(wp_lf_DCM,0))) -> 1+0.9779259606373i | AH11: =IMABS(AG11) -> 1.398692 | AI11: =IMARGUMENT(AG11) -> 0.77423843 | AJ11: =IMSUM(COMPLEX(1,0),IMDIV(COMPLEX(0,2*PI()*O11),COMPLEX(wz1_dcm,0))) -> 1+0.00635755909090909i | AK11: =IMABS(AJ11) -> 1.0000202 | AL11: =IMARGUMENT(AJ11) -> 0.0063574734 | AM11: =IMSUB(COMPLEX(1,0),IMDIV(COMPLEX(0,2*PI()*O11),COMPLEX(wz2_dcm,0))) -> 1-0.00631563609627074i | AN11: =IMABS(AM11) -> 1.0000199 | AO11: =IMARGUMENT(AM11) -> -0.0063155521 | AP11: =(IMDIV(IMPRODUCT(AF11,AJ11,AM11),IMPRODUCT(AG11))) -> 126.309744276638-123.511219481072i | AQ11: =20*LOG(IMABS(AP11)) -> 44.942823 | AR11: =(180/PI())*IMARGUMENT(AP11) -> -44.358193 | AS11: =COMPLEX(Adc_ea,0) -> -0.0000166666666666667 | AT11: =COMPLEX(0,2*PI()*O11*wp0_ea) -> 1.31402437137331E-06i | AU11: =IMABS(AT11) -> 1.3140244e-06 | AV11: =IMARGUMENT(AT11) -> 1.5707963 | AW11: =IMSUM(COMPLEX(1,0),IMDIV(COMPLEX(0,2*PI()*O11),COMPLEX(wp1_ea,0))) -> 1+0.00133539431789737i | AX11: =IMABS(AW11) -> 1.0000009 | AY11: =IMARGUMENT(AW11) -> 0.0013353935 | AZ11: =IMSUM(COMPLEX(1,0),IMDIV(COMPLEX(0,2*PI()*O11),COMPLEX(wz_ea,0))) -> 1+0.0454034068085106i | BA11: =IMABS(AZ11) -> 1.0010302 | BB11: =IMARGUMENT(AZ11) -> 0.045372246 | BC11: =IMPRODUCT(AS11,IMDIV(AZ11,IMPRODUCT(AT11,AW11))) -> -0.558943639926313+12.6844279534856i | BD11: =20*LOG(IMABS(BC11)) -> 22.073842 | BE11: =(180/PI())*IMARGUMENT(BC11) -> 92.523126 | BF11: =IMPRODUCT(AC11,BC11) -> 110.199223902908+100.242377668907i | BG11: =20*LOG(IMABS(BF11)) -> 43.462043 | BH11: =(180/PI())*IMARGUMENT(BF11) -> 42.291124 | BI11: =IMPRODUCT(AP11,BC11) -> 1496.06913673066+1671.20266168869i | BJ11: =20*LOG(IMABS(BI11)) -> 67.016665 | BK11: =(180/PI())*IMARGUMENT(BI11) -> 48.164933 | BL11: =IF($B$31=0,BJ11,BG11) -> 43.462043 | BM11: =IF($B$31=0,BK11,BH11) -> 42.291124
A12: VIN_max | B12: =VIN_max -> 16 | C12: V | E12: Maximum input voltage | N12: wz_ea | O12: =wz_ea/(2*PI()) -> 1354.7407 | P12: =COMPLEX(Adc,0) -> 16.5157725627975 | Q12: =IMSUM(COMPLEX(1,0),IMDIV(COMPLEX(0,2*PI()*O12),COMPLEX(wp_lf,0))) -> 1+22.0247789822801i | R12: =IMABS(Q12) -> 22.047469 | S12: =IMARGUMENT(Q12) -> 1.5254241 | T12: =IMSUM(COMPLEX(1,0),IMDIV(COMPLEX(0,2*PI()*O12),COMPLEX(wz_esr,0))) -> 1+0.140023833844059i | U12: =IMABS(T12) -> 1.0097557 | V12: =IMARGUMENT(T12) -> 0.13911932 | W12: =IMSUB(COMPLEX(1,0),IMDIV(COMPLEX(0,2*PI()*O12),COMPLEX(wz_rhp,0))) -> 1-2.12802179094314i | X12: =IMABS(W12) -> 2.3512713 | Y12: =IMARGUMENT(W12) -> -1.131501 | Z12: =IMSUM(COMPLEX(1,0),IMDIV(COMPLEX(0,2*PI()*O12),COMPLEX(Q*(wsl/2),0)),IMDIV(IMPOWER(COMPLEX(0,2*PI()*O12),2),IMPOWER(COMPLEX(wsl/2,0),2))) -> 0.999962080113746+0.0297923050732039i | AA12: =IMABS(Z12) -> 1.0004058 | AB12: =IMARGUMENT(Z12) -> 0.029784624 | AC12: =(IMDIV(IMPRODUCT(P12,T12,W12),IMPRODUCT(Q12,Z12))) -> -1.47327630167428-0.99500337523912i | AD12: =20*LOG(IMABS(AC12)) -> 4.9976607 | AE12: =(180/PI())*IMARGUMENT(AC12) -> -145.96618 | AF12: =COMPLEX($B$72,0) -> 247.084651286898 | AG12: =IMSUM(COMPLEX(1,0),IMDIV(COMPLEX(0,2*PI()*O12),COMPLEX(wp_lf_DCM,0))) -> 1+21.5386031440705i | AH12: =IMABS(AG12) -> 21.561805 | AI12: =IMARGUMENT(AG12) -> 1.5244014 | AJ12: =IMSUM(COMPLEX(1,0),IMDIV(COMPLEX(0,2*PI()*O12),COMPLEX(wz1_dcm,0))) -> 1+0.140023833844059i | AK12: =IMABS(AJ12) -> 1.0097557 | AL12: =IMARGUMENT(AJ12) -> 0.13911932 | AM12: =IMSUB(COMPLEX(1,0),IMDIV(COMPLEX(0,2*PI()*O12),COMPLEX(wz2_dcm,0))) -> 1-0.139100489152874i | AN12: =IMABS(AM12) -> 1.0096281 | AO12: =IMARGUMENT(AM12) -> -0.13821361 | AP12: =(IMDIV(IMPRODUCT(AF12,AJ12,AM12),IMPRODUCT(AG12))) -> 0.552387206243193-11.6695045160949i | AQ12: =20*LOG(IMABS(AP12)) -> 21.350769 | AR12: =(180/PI())*IMARGUMENT(AP12) -> -87.289872 | AS12: =COMPLEX(Adc_ea,0) -> -0.0000166666666666667 | AT12: =COMPLEX(0,2*PI()*O12*wp0_ea) -> 0.0000289410963568267i | AU12: =IMABS(AT12) -> 2.8941096e-05 | AV12: =IMARGUMENT(AT12) -> 1.5707963 | AW12: =IMSUM(COMPLEX(1,0),IMDIV(COMPLEX(0,2*PI()*O12),COMPLEX(wp1_ea,0))) -> 1+0.0294117647058824i | AX12: =IMABS(AW12) -> 1.0004324 | AY12: =IMARGUMENT(AW12) -> 0.029403288 | AZ12: =IMSUM(COMPLEX(1,0),IMDIV(COMPLEX(0,2*PI()*O12),COMPLEX(wz_ea,0))) -> 1+i | BA12: =IMABS(AZ12) -> 1.4142136 | BB12: =IMARGUMENT(AZ12) -> 0.78539816 | BC12: =IMPRODUCT(AS12,IMDIV(AZ12,IMPRODUCT(AT12,AW12))) -> -0.558461538461539+0.592307692307693i | BD12: =20*LOG(IMABS(BC12)) -> -1.7867799 | BE12: =(180/PI())*IMARGUMENT(BC12) -> 133.31532 | BF12: =IMPRODUCT(AC12,BC12) -> 1.41211630303819-0.316961770665842i | BG12: =20*LOG(IMABS(BF12)) -> 3.2108808 | BH12: =(180/PI())*IMARGUMENT(BF12) -> -12.65086 | BI12: =IMPRODUCT(AP12,BC12) -> 6.60345028127733+6.84415263653243i | BJ12: =20*LOG(IMABS(BI12)) -> 19.563989 | BK12: =(180/PI())*IMARGUMENT(BI12) -> 46.025443 | BL12: =IF($B$31=0,BJ12,BG12) -> 3.2108808 | BM12: =IF($B$31=0,BK12,BH12) -> -12.65086
A13: Fsw | B13: =Fsw -> 440000 | C13: Hz | E13: Switching frequnecy | N13: wp1_ea | O13: =wp1_ea/(2*PI()) -> 46061.185 | P13: =COMPLEX(Adc,0) -> 16.5157725627975 | Q13: =IMSUM(COMPLEX(1,0),IMDIV(COMPLEX(0,2*PI()*O13),COMPLEX(wp_lf,0))) -> 1+748.842485397525i | R13: =IMABS(Q13) -> 748.84315 | S13: =IMARGUMENT(Q13) -> 1.5694609 | T13: =IMSUM(COMPLEX(1,0),IMDIV(COMPLEX(0,2*PI()*O13),COMPLEX(wz_esr,0))) -> 1+4.76081035069799i | U13: =IMABS(T13) -> 4.8647009 | V13: =IMARGUMENT(T13) -> 1.3637579 | W13: =IMSUB(COMPLEX(1,0),IMDIV(COMPLEX(0,2*PI()*O13),COMPLEX(wz_rhp,0))) -> 1-72.3527408920667i | X13: =IMABS(W13) -> 72.359651 | Y13: =IMARGUMENT(W13) -> -1.556976 | Z13: =IMSUM(COMPLEX(1,0),IMDIV(COMPLEX(0,2*PI()*O13),COMPLEX(Q*(wsl/2),0)),IMDIV(IMPOWER(COMPLEX(0,2*PI()*O13),2),IMPOWER(COMPLEX(wsl/2,0),2))) -> 0.956164611490693+1.01293837248893i | AA13: =IMABS(Z13) -> 1.3929447 | AB13: =IMARGUMENT(Z13) -> 0.81422247 | AC13: =(IMDIV(IMPRODUCT(P13,T13,W13),IMPRODUCT(Q13,Z13))) -> -4.70822269830379-2.98267738879335i | AD13: =20*LOG(IMABS(AC13)) -> 14.922535 | AE13: =(180/PI())*IMARGUMENT(AC13) -> -147.64558 | AF13: =COMPLEX($B$72,0) -> 247.084651286898 | AG13: =IMSUM(COMPLEX(1,0),IMDIV(COMPLEX(0,2*PI()*O13),COMPLEX(wp_lf_DCM,0))) -> 1+732.312506898398i | AH13: =IMABS(AG13) -> 732.31319 | AI13: =IMARGUMENT(AG13) -> 1.5694308 | AJ13: =IMSUM(COMPLEX(1,0),IMDIV(COMPLEX(0,2*PI()*O13),COMPLEX(wz1_dcm,0))) -> 1+4.76081035069799i | AK13: =IMABS(AJ13) -> 4.8647009 | AL13: =IMARGUMENT(AJ13) -> 1.3637579 | AM13: =IMSUB(COMPLEX(1,0),IMDIV(COMPLEX(0,2*PI()*O13),COMPLEX(wz2_dcm,0))) -> 1-4.7294166311977i | AN13: =IMABS(AM13) -> 4.833982 | AO13: =IMARGUMENT(AM13) -> -1.3624229 | AP13: =(IMDIV(IMPRODUCT(AF13,AJ13,AM13),IMPRODUCT(AG13))) -> 0.0214269235620056-7.93429787348492i | AQ13: =20*LOG(IMABS(AP13)) -> 17.990202 | AR13: =(180/PI())*IMARGUMENT(AP13) -> -89.845271 | AS13: =COMPLEX(Adc_ea,0) -> -0.0000166666666666667 | AT13: =COMPLEX(0,2*PI()*O13*wp0_ea) -> 0.000983997276132108i | AU13: =IMABS(AT13) -> 0.00098399728 | AV13: =IMARGUMENT(AT13) -> 1.5707963 | AW13: =IMSUM(COMPLEX(1,0),IMDIV(COMPLEX(0,2*PI()*O13),COMPLEX(wp1_ea,0))) -> 1+i | AX13: =IMABS(AW13) -> 1.4142136 | AY13: =IMARGUMENT(AW13) -> 0.78539816 | AZ13: =IMSUM(COMPLEX(1,0),IMDIV(COMPLEX(0,2*PI()*O13),COMPLEX(wz_ea,0))) -> 1+34i | BA13: =IMABS(AZ13) -> 34.014703 | BB13: =IMARGUMENT(AZ13) -> 1.541393 | BC13: =IMPRODUCT(AS13,IMDIV(AZ13,IMPRODUCT(AT13,AW13))) -> -0.279472318339101+0.296410034602077i | BD13: =20*LOG(IMABS(BC13)) -> -7.7998693 | BE13: =(180/PI())*IMARGUMENT(BC13) -> 133.31532 | BF13: =IMPRODUCT(AC13,BC13) -> 2.19991342077081-0.561988688214817i | BG13: =20*LOG(IMABS(BF13)) -> 7.1226661 | BH13: =(180/PI())*IMARGUMENT(BF13) -> -14.330267 | BI13: =IMPRODUCT(AP13,BC13) -> 2.3458172752201+2.22376777625026i | BJ13: =20*LOG(IMABS(BI13)) -> 10.190332 | BK13: =(180/PI())*IMARGUMENT(BI13) -> 43.470045 | BL13: =IF($B$31=0,BJ13,BG13) -> 7.1226661 | BM13: =IF($B$31=0,BK13,BH13) -> -14.330267
A15: CCMPlant Parameters | O15: Selected VIN | P15: =B16 -> 3 | Q15: V
A16: VIN_VAR | B16: =VIN_var -> 3 | C16: V | E16: Variable input voltage | P16: CCM Plant Transfer Function | AF16: DCM Plant Transfer Function | AS16: Error Amplifier | BF16: CCM Open Loop Response | BI16: DCM Open Loop Response | BL16: Displayed Loop Calclation
A17: IOUT_VAR | B17: =IOUT -> 4.5 | C17: A | E17: Variable output current (Can add this a different revision, not needed right now) | Q17: wp_lf | T17: wz_esr | W17: wz_RHP | Z17: Sampling | AC17: Total | AG17: wp_lf | AJ17: wz_esr | AM17: wz_RHP | AP17: Total | AT17: wp0_ea | AW17: wp1_ea | AZ17: wz_ea | BC17: Total | BF17: Total | BI17: Total
O18: Frequency | P18: ADC | Q18: Complex | R18: Gain | S18: Phase | T18: Complex | U18: Gain | V18: Phase | W18: Complex | X18: Gain | Y18: Phase | Z18: Complex | AA18: Gain | AB18: Phase | AC18: COMPLEX | AD18: Gain | AE18: Phase | AF18: ADC | AG18: Complex | AH18: Gain | AI18: Phase | AJ18: Complex | AK18: Gain | AL18: Phase | AM18: Complex | AN18: Gain | AO18: Phase | AP18: COMPLEX | AQ18: Gain | AR18: Phase | AS18: ADC_ea | AT18: Complex | AU18: Gain | AV18: Phase | AW18: Complex | AX18: Gain | AY18: Phase | AZ18: Complex | BA18: Gain | BB18: Phase | BC18: COMPLEX | BD18: Gain | BE18: Phase | BF18: COMPLEX | BG18: Gain | BH18: Phase | BI18: COMPLEX | BJ18: Gain | BK18: Phase | BL18: Gain(dB) | BM18: Phase (deg)
A19: VOUT | B19: =VOUT -> 50 | C19: V | E19: Output Voltage | N19: 1 | O19: =10^(1+(N19/100)) -> 10.23293 | P19: =COMPLEX(Adc,0) -> 16.5157725627975 | Q19: =IMSUM(COMPLEX(1,0),IMDIV(COMPLEX(0,2*PI()*O19),COMPLEX(wp_lf,0))) -> 1+0.166362472081727i | R19: =IMABS(Q19) -> 1.0137438 | S19: =IMARGUMENT(Q19) -> 0.16485269 | T19: =IMSUM(COMPLEX(1,0),IMDIV(COMPLEX(0,2*PI()*O19),COMPLEX(wz_esr,0))) -> 1+0.0010576592467693i | U19: =IMABS(T19) -> 1.0000006 | V19: =IMARGUMENT(T19) -> 0.0010576589 | W19: =IMSUB(COMPLEX(1,0),IMDIV(COMPLEX(0,2*PI()*O19),COMPLEX(wz_rhp,0))) -> 1-0.0160738487350957i | X19: =IMABS(W19) -> 1.0001292 | Y19: =IMARGUMENT(W19) -> -0.016072465 | Z19: =IMSUM(COMPLEX(1,0),IMDIV(COMPLEX(0,2*PI()*O19),COMPLEX(Q*(wsl/2),0)),IMDIV(IMPOWER(COMPLEX(0,2*PI()*O19),2),IMPOWER(COMPLEX(wsl/2,0),2))) -> 0.999999997836511+0.000225033882291339i | AA19: =IMABS(Z19) -> 1 | AB19: =IMARGUMENT(Z19) -> 0.00022503388 | AC19: =(IMDIV(IMPRODUCT(P19,T19,W19),IMPRODUCT(Q19,Z19))) -> 16.0304534671568-2.91858649714544i | AD19: =20*LOG(IMABS(AC19)) -> 24.24054 | AE19: =(180/PI())*IMARGUMENT(AC19) -> -10.318542 | AF19: =COMPLEX($B$72,0) -> 247.084651286898 | AG19: =IMSUM(COMPLEX(1,0),IMDIV(COMPLEX(0,2*PI()*O19),COMPLEX(wp_lf_DCM,0))) -> 1+0.162690180324519i | AH19: =IMABS(AG19) -> 1.0131476 | AI19: =IMARGUMENT(AG19) -> 0.16127719 | AJ19: =IMSUM(COMPLEX(1,0),IMDIV(COMPLEX(0,2*PI()*O19),COMPLEX(wz1_dcm,0))) -> 1+0.0010576592467693i | AK19: =IMABS(AJ19) -> 1.0000006 | AL19: =IMARGUMENT(AJ19) -> 0.0010576589 | AM19: =IMSUB(COMPLEX(1,0),IMDIV(COMPLEX(0,2*PI()*O19),COMPLEX(wz2_dcm,0))) -> 1-0.00105068483374419i | AN19: =IMABS(AM19) -> 1.0000006 | AO19: =IMARGUMENT(AM19) -> -0.0010506844 | AP19: =(IMDIV(IMPRODUCT(AF19,AJ19,AM19),IMPRODUCT(AG19))) -> 240.713966153395-39.1600752897158i | AQ19: =20*LOG(IMABS(AP19)) -> 47.74347 | AR19: =(180/PI())*IMARGUMENT(AP19) -> -9.2401025 | AS19: =COMPLEX(Adc_ea,0) -> -0.0000166666666666667 | AT19: =COMPLEX(0,2*PI()*O19*wp0_ea) -> 2.18604342797301E-07i | AU19: =IMABS(AT19) -> 2.1860434e-07 | AV19: =IMARGUMENT(AT19) -> 1.5707963 | AW19: =IMSUM(COMPLEX(1,0),IMDIV(COMPLEX(0,2*PI()*O19),COMPLEX(wp1_ea,0))) -> 1+0.000222159499929299i | AX19: =IMABS(AW19) -> 1 | AY19: =IMARGUMENT(AW19) -> 0.0002221595 | AZ19: =IMSUM(COMPLEX(1,0),IMDIV(COMPLEX(0,2*PI()*O19),COMPLEX(wz_ea,0))) -> 1+0.00755342299759616i | BA19: =IMABS(AZ19) -> 1.0000285 | BB19: =IMARGUMENT(AZ19) -> 0.0075532794 | BC19: =IMPRODUCT(AS19,IMDIV(AZ19,IMPRODUCT(AT19,AW19))) -> -0.55894460909158+76.2413664731413i | BD19: =20*LOG(IMABS(BC19)) -> 37.644047 | BE19: =(180/PI())*IMARGUMENT(BC19) -> 90.420042 | BF19: =IMPRODUCT(AC19,BC19) -> 213.556887165667+1223.81500570889i | BG19: =20*LOG(IMABS(BF19)) -> 61.884587 | BH19: =(180/PI())*IMARGUMENT(BF19) -> 80.1015 | BI19: =IMPRODUCT(AP19,BC19) -> 2851.07187756453+18374.2500216791i | BJ19: =20*LOG(IMABS(BI19)) -> 85.387517 | BK19: =(180/PI())*IMARGUMENT(BI19) -> 81.17994 | BL19: =IF($B$31=0,BJ19,BG19) -> 61.884587 | BM19: =IF($B$31=0,BK19,BH19) -> 80.1015
A20: IOUT | B20: =IOUT -> 4.5 | C20: A | E20: Maximum Output current | N20: 2 | O20: =10^(1+(N20/100)) -> 10.471285 | P20: =COMPLEX(Adc,0) -> 16.5157725627975 | Q20: =IMSUM(COMPLEX(1,0),IMDIV(COMPLEX(0,2*PI()*O20),COMPLEX(wp_lf,0))) -> 1+0.170237551859734i | R20: =IMABS(Q20) -> 1.0143869 | S20: =IMARGUMENT(Q20) -> 0.16862103 | T20: =IMSUM(COMPLEX(1,0),IMDIV(COMPLEX(0,2*PI()*O20),COMPLEX(wz_esr,0))) -> 1+0.00108229529543996i | U20: =IMABS(T20) -> 1.0000006 | V20: =IMARGUMENT(T20) -> 0.0010822949 | W20: =IMSUB(COMPLEX(1,0),IMDIV(COMPLEX(0,2*PI()*O20),COMPLEX(wz_rhp,0))) -> 1-0.0164482567696043i | X20: =IMABS(W20) -> 1.0001353 | Y20: =IMARGUMENT(W20) -> -0.016446774 | Z20: =IMSUM(COMPLEX(1,0),IMDIV(COMPLEX(0,2*PI()*O20),COMPLEX(Q*(wsl/2),0)),IMDIV(IMPOWER(COMPLEX(0,2*PI()*O20),2),IMPOWER(COMPLEX(wsl/2,0),2))) -> 0.999999997734549+0.00023027559477446i | AA20: =IMABS(Z20) -> 1 | AB20: =IMARGUMENT(Z20) -> 0.00023027559 | AC20: =(IMDIV(IMPRODUCT(P20,T20,W20),IMPRODUCT(Q20,Z20))) -> 16.0082252737802-2.98278503913054i | AD20: =20*LOG(IMABS(AC20)) -> 24.235085 | AE20: =(180/PI())*IMARGUMENT(AC20) -> -10.554787 | AF20: =COMPLEX($B$72,0) -> 247.084651286898 | AG20: =IMSUM(COMPLEX(1,0),IMDIV(COMPLEX(0,2*PI()*O20),COMPLEX(wp_lf_DCM,0))) -> 1+0.166479721438973i | AH20: =IMABS(AG20) -> 1.013763 | AI20: =IMARGUMENT(AG20) -> 0.16496678 | AJ20: =IMSUM(COMPLEX(1,0),IMDIV(COMPLEX(0,2*PI()*O20),COMPLEX(wz1_dcm,0))) -> 1+0.00108229529543996i | AK20: =IMABS(AJ20) -> 1.0000006 | AL20: =IMARGUMENT(AJ20) -> 0.0010822949 | AM20: =IMSUB(COMPLEX(1,0),IMDIV(COMPLEX(0,2*PI()*O20),COMPLEX(wz2_dcm,0))) -> 1-0.0010751584274661i | AN20: =IMABS(AM20) -> 1.0000006 | AO20: =IMARGUMENT(AM20) -> -0.001075158 | AP20: =(IMDIV(IMPRODUCT(AF20,AJ20,AM20),IMPRODUCT(AG20))) -> 240.421821935353-40.0235945331133i | AQ20: =20*LOG(IMABS(AP20)) -> 47.738196 | AR20: =(180/PI())*IMARGUMENT(AP20) -> -9.4514913 | AS20: =COMPLEX(Adc_ea,0) -> -0.0000166666666666667 | AT20: =COMPLEX(0,2*PI()*O20*wp0_ea) -> 2.23696292066618E-07i | AU20: =IMABS(AT20) -> 2.2369629e-07 | AV20: =IMARGUMENT(AT20) -> 1.5707963 | AW20: =IMSUM(COMPLEX(1,0),IMDIV(COMPLEX(0,2*PI()*O20),COMPLEX(wp1_ea,0))) -> 1+0.000227334259446248i | AX20: =IMABS(AW20) -> 1 | AY20: =IMARGUMENT(AW20) -> 0.00022733426 | AZ20: =IMSUM(COMPLEX(1,0),IMDIV(COMPLEX(0,2*PI()*O20),COMPLEX(wz_ea,0))) -> 1+0.00772936482117244i | BA20: =IMABS(AZ20) -> 1.0000299 | BB20: =IMARGUMENT(AZ20) -> 0.0077292109 | BC20: =IMPRODUCT(AS20,IMDIV(AZ20,IMPRODUCT(AT20,AW20))) -> -0.558944607791461+74.5059068130545i | BD20: =20*LOG(IMABS(BC20)) -> 37.444059 | BE20: =(180/PI())*IMARGUMENT(BC20) -> 90.429826 | BF20: =IMPRODUCT(AC20,BC20) -> 213.287392971743+1194.37455210447i | BG20: =20*LOG(IMABS(BF20)) -> 61.679143 | BH20: =(180/PI())*IMARGUMENT(BF20) -> 79.875039 | BI20: =IMPRODUCT(AP20,BC20) -> 2847.61172364145+17935.2168332889i | BJ20: =20*LOG(IMABS(BI20)) -> 85.182255 | BK20: =(180/PI())*IMARGUMENT(BI20) -> 80.978335 | BL20: =IF($B$31=0,BJ20,BG20) -> 61.679143 | BM20: =IF($B$31=0,BK20,BH20) -> 79.875039
N21: 3 | O21: =10^(1+(N21/100)) -> 10.715193 | P21: =COMPLEX(Adc,0) -> 16.5157725627975 | Q21: =IMSUM(COMPLEX(1,0),IMDIV(COMPLEX(0,2*PI()*O21),COMPLEX(wp_lf,0))) -> 1+0.174202893841097i | R21: =IMABS(Q21) -> 1.0150599 | S21: =IMARGUMENT(Q21) -> 0.17247214 | T21: =IMSUM(COMPLEX(1,0),IMDIV(COMPLEX(0,2*PI()*O21),COMPLEX(wz_esr,0))) -> 1+0.00110750519140214i | U21: =IMABS(T21) -> 1.0000006 | V21: =IMARGUMENT(T21) -> 0.0011075047 | W21: =IMSUB(COMPLEX(1,0),IMDIV(COMPLEX(0,2*PI()*O21),COMPLEX(wz_rhp,0))) -> 1-0.0168313858875705i | X21: =IMABS(W21) -> 1.0001416 | Y21: =IMARGUMENT(W21) -> -0.016829797 | Z21: =IMSUM(COMPLEX(1,0),IMDIV(COMPLEX(0,2*PI()*O21),COMPLEX(Q*(wsl/2),0)),IMDIV(IMPOWER(COMPLEX(0,2*PI()*O21),2),IMPOWER(COMPLEX(wsl/2,0),2))) -> 0.999999997627782+0.000235639402425987i | AA21: =IMABS(Z21) -> 1 | AB21: =IMARGUMENT(Z21) -> 0.0002356394 | AC21: =(IMDIV(IMPRODUCT(P21,T21,W21),IMPRODUCT(Q21,Z21))) -> 15.9850098177981-3.04821883104316i | AD21: =20*LOG(IMABS(AC21)) -> 24.22938 | AE21: =(180/PI())*IMARGUMENT(AC21) -> -10.796248 | AF21: =COMPLEX($B$72,0) -> 247.084651286898 | AG21: =IMSUM(COMPLEX(1,0),IMDIV(COMPLEX(0,2*PI()*O21),COMPLEX(wp_lf_DCM,0))) -> 1+0.170357532305353i | AH21: =IMABS(AG21) -> 1.0144071 | AI21: =IMARGUMENT(AG21) -> 0.16873763 | AJ21: =IMSUM(COMPLEX(1,0),IMDIV(COMPLEX(0,2*PI()*O21),COMPLEX(wz1_dcm,0))) -> 1+0.00110750519140214i | AK21: =IMABS(AJ21) -> 1.0000006 | AL21: =IMARGUMENT(AJ21) -> 0.0011075047 | AM21: =IMSUB(COMPLEX(1,0),IMDIV(COMPLEX(0,2*PI()*O21),COMPLEX(wz2_dcm,0))) -> 1-0.00110020208441766i | AN21: =IMABS(AM21) -> 1.0000006 | AO21: =IMARGUMENT(AM21) -> -0.0011002016 | AP21: =(IMDIV(IMPRODUCT(AF21,AJ21,AM21),IMPRODUCT(AG21))) -> 240.116668529294-40.9038786303904i | AQ21: =20*LOG(IMABS(AP21)) -> 47.732681 | AR21: =(180/PI())*IMARGUMENT(AP21) -> -9.6675354 | AS21: =COMPLEX(Adc_ea,0) -> -0.0000166666666666667 | AT21: =COMPLEX(0,2*PI()*O21*wp0_ea) -> 2.28906848070959E-07i | AU21: =IMABS(AT21) -> 2.2890685e-07 | AV21: =IMARGUMENT(AT21) -> 1.5707963 | AW21: =IMSUM(COMPLEX(1,0),IMDIV(COMPLEX(0,2*PI()*O21),COMPLEX(wp1_ea,0))) -> 1+0.000232629554596681i | AX21: =IMABS(AW21) -> 1 | AY21: =IMARGUMENT(AW21) -> 0.00023262955 | AZ21: =IMSUM(COMPLEX(1,0),IMDIV(COMPLEX(0,2*PI()*O21),COMPLEX(wz_ea,0))) -> 1+0.00790940485628714i | BA21: =IMABS(AZ21) -> 1.0000313 | BB21: =IMARGUMENT(AZ21) -> 0.0079092399 | BC21: =IMPRODUCT(AS21,IMDIV(AZ21,IMPRODUCT(AT21,AW21))) -> -0.558944606430071+72.8099511709623i | BD21: =20*LOG(IMABS(BC21)) -> 37.244071 | BE21: =(180/PI())*IMARGUMENT(BC21) -> 90.439837 | BF21: =IMPRODUCT(AC21,BC21) -> 213.00592922527+1165.57156977606i | BG21: =20*LOG(IMABS(BF21)) -> 61.47345 | BH21: =(180/PI())*IMARGUMENT(BF21) -> 79.643589 | BI21: =IMPRODUCT(AP21,BC21) -> 2843.99748899329+17505.7459132946i | BJ21: =20*LOG(IMABS(BI21)) -> 84.976751 | BK21: =(180/PI())*IMARGUMENT(BI21) -> 80.772302 | BL21: =IF($B$31=0,BJ21,BG21) -> 61.47345 | BM21: =IF($B$31=0,BK21,BH21) -> 79.643589
A22: Component Selection | N22: 4 | O22: =10^(1+(N22/100)) -> 10.964782 | P22: =COMPLEX(Adc,0) -> 16.5157725627975 | Q22: =IMSUM(COMPLEX(1,0),IMDIV(COMPLEX(0,2*PI()*O22),COMPLEX(wp_lf,0))) -> 1+0.178260600502623i | R22: =IMABS(Q22) -> 1.0157642 | S22: =IMARGUMENT(Q22) -> 0.17640762 | T22: =IMSUM(COMPLEX(1,0),IMDIV(COMPLEX(0,2*PI()*O22),COMPLEX(wz_esr,0))) -> 1+0.00113330230127637i | U22: =IMABS(T22) -> 1.0000006 | V22: =IMARGUMENT(T22) -> 0.0011333018 | W22: =IMSUB(COMPLEX(1,0),IMDIV(COMPLEX(0,2*PI()*O22),COMPLEX(wz_rhp,0))) -> 1-0.0172234392291241i | X22: =IMABS(W22) -> 1.0001483 | Y22: =IMARGUMENT(W22) -> -0.017221736 | Z22: =IMSUM(COMPLEX(1,0),IMDIV(COMPLEX(0,2*PI()*O22),COMPLEX(Q*(wsl/2),0)),IMDIV(IMPOWER(COMPLEX(0,2*PI()*O22),2),IMPOWER(COMPLEX(wsl/2,0),2))) -> 0.999999997515983+0.000241128149207737i | AA22: =IMABS(Z22) -> 1 | AB22: =IMARGUMENT(Z22) -> 0.00024112815 | AC22: =(IMDIV(IMPRODUCT(P22,T22,W22),IMPRODUCT(Q22,Z22))) -> 15.9607661276662-3.11489927680677i | AD22: =20*LOG(IMABS(AC22)) -> 24.223414 | AE22: =(180/PI())*IMARGUMENT(AC22) -> -11.043027 | AF22: =COMPLEX($B$72,0) -> 247.084651286898 | AG22: =IMSUM(COMPLEX(1,0),IMDIV(COMPLEX(0,2*PI()*O22),COMPLEX(wp_lf_DCM,0))) -> 1+0.17432566899031i | AH22: =IMABS(AG22) -> 1.015081 | AI22: =IMARGUMENT(AG22) -> 0.1725913 | AJ22: =IMSUM(COMPLEX(1,0),IMDIV(COMPLEX(0,2*PI()*O22),COMPLEX(wz1_dcm,0))) -> 1+0.00113330230127637i | AK22: =IMABS(AJ22) -> 1.0000006 | AL22: =IMARGUMENT(AJ22) -> 0.0011333018 | AM22: =IMSUB(COMPLEX(1,0),IMDIV(COMPLEX(0,2*PI()*O22),COMPLEX(wz2_dcm,0))) -> 1-0.00112582908307727i | AN22: =IMABS(AM22) -> 1.0000006 | AO22: =IMARGUMENT(AM22) -> -0.0011258286 | AP22: =(IMDIV(IMPRODUCT(AF22,AJ22,AM22),IMPRODUCT(AG22))) -> 239.797962904196-41.8010937882748i | AQ22: =20*LOG(IMABS(AP22)) -> 47.726912 | AR22: =(180/PI())*IMARGUMENT(AP22) -> -9.8883248 | AS22: =COMPLEX(Adc_ea,0) -> -0.0000166666666666667 | AT22: =COMPLEX(0,2*PI()*O22*wp0_ea) -> 2.34238773516088E-07i | AU22: =IMABS(AT22) -> 2.3423877e-07 | AV22: =IMARGUMENT(AT22) -> 1.5707963 | AW22: =IMSUM(COMPLEX(1,0),IMDIV(COMPLEX(0,2*PI()*O22),COMPLEX(wp1_ea,0))) -> 1+0.000238048193016176i | AX22: =IMABS(AW22) -> 1 | AY22: =IMARGUMENT(AW22) -> 0.00023804819 | AZ22: =IMSUM(COMPLEX(1,0),IMDIV(COMPLEX(0,2*PI()*O22),COMPLEX(wz_ea,0))) -> 1+0.00809363856254999i | BA22: =IMABS(AZ22) -> 1.0000328 | BB22: =IMARGUMENT(AZ22) -> 0.0080934618 | BC22: =IMPRODUCT(AS22,IMDIV(AZ22,IMPRODUCT(AT22,AW22))) -> -0.558944605004519+71.1526003287343i | BD22: =20*LOG(IMABS(BC22)) -> 37.044084 | BE22: =(180/PI())*IMARGUMENT(BC22) -> 90.450082 | BF22: =IMPRODUCT(AC22,BC22) -> 212.711999188098+1137.39106936814i | BG22: =20*LOG(IMABS(BF22)) -> 61.267497 | BH22: =(180/PI())*IMARGUMENT(BF22) -> 79.407055 | BI22: =IMPRODUCT(AP22,BC22) -> 2840.22274196468+17085.6131100232i | BJ22: =20*LOG(IMABS(BI22)) -> 84.770996 | BK22: =(180/PI())*IMARGUMENT(BI22) -> 80.561757 | BL22: =IF($B$31=0,BJ22,BG22) -> 61.267497 | BM22: =IF($B$31=0,BK22,BH22) -> 79.407055
A23: LM | B23: =Lm -> 1e-05 | C23: H | E23: filter Inductor | N23: 5 | O23: =10^(1+(N23/100)) -> 11.220185 | P23: =COMPLEX(Adc,0) -> 16.5157725627975 | Q23: =IMSUM(COMPLEX(1,0),IMDIV(COMPLEX(0,2*PI()*O23),COMPLEX(wp_lf,0))) -> 1+0.182412823294093i | R23: =IMABS(Q23) -> 1.0165011 | S23: =IMARGUMENT(Q23) -> 0.18042905 | T23: =IMSUM(COMPLEX(1,0),IMDIV(COMPLEX(0,2*PI()*O23),COMPLEX(wz_esr,0))) -> 1+0.00115970030303176i | U23: =IMABS(T23) -> 1.0000007 | V23: =IMARGUMENT(T23) -> 0.0011596998 | W23: =IMSUB(COMPLEX(1,0),IMDIV(COMPLEX(0,2*PI()*O23),COMPLEX(wz_rhp,0))) -> 1-0.0176246246661361i | X23: =IMABS(W23) -> 1.0001553 | Y23: =IMARGUMENT(W23) -> -0.0176228 | Z23: =IMSUM(COMPLEX(1,0),IMDIV(COMPLEX(0,2*PI()*O23),COMPLEX(Q*(wsl/2),0)),IMDIV(IMPOWER(COMPLEX(0,2*PI()*O23),2),IMPOWER(COMPLEX(wsl/2,0),2))) -> 0.999999997398914+0.000246744745325906i | AA23: =IMABS(Z23) -> 1 | AB23: =IMARGUMENT(Z23) -> 0.00024674474 | AC23: =(IMDIV(IMPRODUCT(P23,T23,W23),IMPRODUCT(Q23,Z23))) -> 15.9354517997058-3.18283694660902i | AD23: =20*LOG(IMABS(AC23)) -> 24.217175 | AE23: =(180/PI())*IMARGUMENT(AC23) -> -11.295227 | AF23: =COMPLEX($B$72,0) -> 247.084651286898 | AG23: =IMSUM(COMPLEX(1,0),IMDIV(COMPLEX(0,2*PI()*O23),COMPLEX(wp_lf_DCM,0))) -> 1+0.178386235452438i | AH23: =IMABS(AG23) -> 1.0157862 | AI23: =IMARGUMENT(AG23) -> 0.17652938 | AJ23: =IMSUM(COMPLEX(1,0),IMDIV(COMPLEX(0,2*PI()*O23),COMPLEX(wz1_dcm,0))) -> 1+0.00115970030303176i | AK23: =IMABS(AJ23) -> 1.0000007 | AL23: =IMARGUMENT(AJ23) -> 0.0011596998 | AM23: =IMSUB(COMPLEX(1,0),IMDIV(COMPLEX(0,2*PI()*O23),COMPLEX(wz2_dcm,0))) -> 1-0.00115205301121883i | AN23: =IMABS(AM23) -> 1.0000007 | AO23: =IMARGUMENT(AM23) -> -0.0011520525 | AP23: =(IMDIV(IMPRODUCT(AF23,AJ23,AM23),IMPRODUCT(AG23))) -> 239.465142746847-42.7153958082598i | AQ23: =20*LOG(IMABS(AP23)) -> 47.720881 | AR23: =(180/PI())*IMARGUMENT(AP23) -> -10.11395 | AS23: =COMPLEX(Adc_ea,0) -> -0.0000166666666666667 | AT23: =COMPLEX(0,2*PI()*O23*wp0_ea) -> 2.39694895459451E-07i | AU23: =IMABS(AT23) -> 2.396949e-07 | AV23: =IMARGUMENT(AT23) -> 1.5707963 | AW23: =IMSUM(COMPLEX(1,0),IMDIV(COMPLEX(0,2*PI()*O23),COMPLEX(wp1_ea,0))) -> 1+0.00024359304773855i | AX23: =IMABS(AW23) -> 1 | AY23: =IMARGUMENT(AW23) -> 0.00024359304 | AZ23: =IMSUM(COMPLEX(1,0),IMDIV(COMPLEX(0,2*PI()*O23),COMPLEX(wz_ea,0))) -> 1+0.00828216362311068i | BA23: =IMABS(AZ23) -> 1.0000343 | BB23: =IMARGUMENT(AZ23) -> 0.0082819743 | BC23: =IMPRODUCT(AS23,IMDIV(AZ23,IMPRODUCT(AT23,AW23))) -> -0.558944603511786+69.532975537017i | BD23: =20*LOG(IMABS(BC23)) -> 36.844097 | BE23: =(180/PI())*IMARGUMENT(BC23) -> 90.460565 | BF23: =IMPRODUCT(AC23,BC23) -> 212.405088758911+1109.81840969542i | BG23: =20*LOG(IMABS(BF23)) -> 61.061272 | BH23: =(180/PI())*IMARGUMENT(BF23) -> 79.165339 | BI23: =IMPRODUCT(AP23,BC23) -> 2836.2808225222+16674.5994525587i | BJ23: =20*LOG(IMABS(BI23)) -> 84.564978 | BK23: =(180/PI())*IMARGUMENT(BI23) -> 80.346615 | BL23: =IF($B$31=0,BJ23,BG23) -> 61.061272 | BM23: =IF($B$31=0,BK23,BH23) -> 79.165339
N24: 6 | O24: =10^(1+(N24/100)) -> 11.481536 | P24: =COMPLEX(Adc,0) -> 16.5157725627975 | Q24: =IMSUM(COMPLEX(1,0),IMDIV(COMPLEX(0,2*PI()*O24),COMPLEX(wp_lf,0))) -> 1+0.186661763778993i | R24: =IMABS(Q24) -> 1.0172721 | S24: =IMARGUMENT(Q24) -> 0.18453806 | T24: =IMSUM(COMPLEX(1,0),IMDIV(COMPLEX(0,2*PI()*O24),COMPLEX(wz_esr,0))) -> 1+0.00118671319323826i | U24: =IMABS(T24) -> 1.0000007 | V24: =IMARGUMENT(T24) -> 0.0011867126 | W24: =IMSUB(COMPLEX(1,0),IMDIV(COMPLEX(0,2*PI()*O24),COMPLEX(wz_rhp,0))) -> 1-0.0180351549124356i | X24: =IMABS(W24) -> 1.0001626 | Y24: =IMARGUMENT(W24) -> -0.0180332 | Z24: =IMSUM(COMPLEX(1,0),IMDIV(COMPLEX(0,2*PI()*O24),COMPLEX(Q*(wsl/2),0)),IMDIV(IMPOWER(COMPLEX(0,2*PI()*O24),2),IMPOWER(COMPLEX(wsl/2,0),2))) -> 0.999999997276329+0.000252492168774099i | AA24: =IMABS(Z24) -> 1 | AB24: =IMARGUMENT(Z24) -> 0.00025249216 | AC24: =(IMDIV(IMPRODUCT(P24,T24,W24),IMPRODUCT(Q24,Z24))) -> 15.9090229735222-3.25204149496895i | AD24: =20*LOG(IMABS(AC24)) -> 24.210653 | AE24: =(180/PI())*IMARGUMENT(AC24) -> -11.552951 | AF24: =COMPLEX($B$72,0) -> 247.084651286898 | AG24: =IMSUM(COMPLEX(1,0),IMDIV(COMPLEX(0,2*PI()*O24),COMPLEX(wp_lf_DCM,0))) -> 1+0.182541384657825i | AH24: =IMABS(AG24) -> 1.0165242 | AI24: =IMARGUMENT(AG24) -> 0.18055347 | AJ24: =IMSUM(COMPLEX(1,0),IMDIV(COMPLEX(0,2*PI()*O24),COMPLEX(wz1_dcm,0))) -> 1+0.00118671319323826i | AK24: =IMABS(AJ24) -> 1.0000007 | AL24: =IMARGUMENT(AJ24) -> 0.0011867126 | AM24: =IMSUB(COMPLEX(1,0),IMDIV(COMPLEX(0,2*PI()*O24),COMPLEX(wz2_dcm,0))) -> 1-0.00117888777311617i | AN24: =IMABS(AM24) -> 1.0000007 | AO24: =IMARGUMENT(AM24) -> -0.0011788872 | AP24: =(IMDIV(IMPRODUCT(AF24,AJ24,AM24),IMPRODUCT(AG24))) -> 239.117626098824-43.6469290229694i | AQ24: =20*LOG(IMABS(AP24)) -> 47.714573 | AR24: =(180/PI())*IMARGUMENT(AP24) -> -10.344503 | AS24: =COMPLEX(Adc_ea,0) -> -0.0000166666666666667 | AT24: =COMPLEX(0,2*PI()*O24*wp0_ea) -> 2.45278106809125E-07i | AU24: =IMABS(AT24) -> 2.4527811e-07 | AV24: =IMARGUMENT(AT24) -> 1.5707963 | AW24: =IMSUM(COMPLEX(1,0),IMDIV(COMPLEX(0,2*PI()*O24),COMPLEX(wp1_ea,0))) -> 1+0.000249267058719169i | AX24: =IMABS(AW24) -> 1 | AY24: =IMARGUMENT(AW24) -> 0.00024926705 | AZ24: =IMSUM(COMPLEX(1,0),IMDIV(COMPLEX(0,2*PI()*O24),COMPLEX(wz_ea,0))) -> 1+0.00847507999645175i | BA24: =IMABS(AZ24) -> 1.0000359 | BB24: =IMARGUMENT(AZ24) -> 0.0084748771 | BC24: =IMPRODUCT(AS24,IMDIV(AZ24,IMPRODUCT(AT24,AW24))) -> -0.5589446019487+67.9502180493068i | BD24: =20*LOG(IMABS(BC24)) -> 36.644111 | BE24: =(180/PI())*IMARGUMENT(BC24) -> 90.471293 | BF24: =IMPRODUCT(AC24,BC24) -> 212.084666175206+1082.83929104119i | BG24: =20*LOG(IMABS(BF24)) -> 60.854764 | BH24: =(180/PI())*IMARGUMENT(BF24) -> 78.918341 | BI24: =IMPRODUCT(AP24,BC24) -> 2832.16483795466+16272.4910482167i | BJ24: =20*LOG(IMABS(BI24)) -> 84.358684 | BK24: =(180/PI())*IMARGUMENT(BI24) -> 80.126789 | BL24: =IF($B$31=0,BJ24,BG24) -> 60.854764 | BM24: =IF($B$31=0,BK24,BH24) -> 78.918341
A25: R_cs | B25: =R_cs -> 0.002 | C25: Ω | E25: Current sense resi | N25: 7 | O25: =10^(1+(N25/100)) -> 11.748976 | P25: =COMPLEX(Adc,0) -> 16.5157725627975 | Q25: =IMSUM(COMPLEX(1,0),IMDIV(COMPLEX(0,2*PI()*O25),COMPLEX(wp_lf,0))) -> 1+0.191009674801809i | R25: =IMABS(Q25) -> 1.0180789 | S25: =IMARGUMENT(Q25) -> 0.18873626 | T25: =IMSUM(COMPLEX(1,0),IMDIV(COMPLEX(0,2*PI()*O25),COMPLEX(wz_esr,0))) -> 1+0.00121435529448783i | U25: =IMABS(T25) -> 1.0000007 | V25: =IMARGUMENT(T25) -> 0.0012143547 | W25: =IMSUB(COMPLEX(1,0),IMDIV(COMPLEX(0,2*PI()*O25),COMPLEX(wz_rhp,0))) -> 1-0.0184552476365932i | X25: =IMABS(W25) -> 1.0001703 | Y25: =IMARGUMENT(W25) -> -0.018453153 | Z25: =IMSUM(COMPLEX(1,0),IMDIV(COMPLEX(0,2*PI()*O25),COMPLEX(Q*(wsl/2),0)),IMDIV(IMPOWER(COMPLEX(0,2*PI()*O25),2),IMPOWER(COMPLEX(wsl/2,0),2))) -> 0.999999997147966+0.000258373466912305i | AA25: =IMABS(Z25) -> 1 | AB25: =IMARGUMENT(Z25) -> 0.00025837346 | AC25: =(IMDIV(IMPRODUCT(P25,T25,W25),IMPRODUCT(Q25,Z25))) -> 15.8814343096941-3.32252157417544i | AD25: =20*LOG(IMABS(AC25)) -> 24.203834 | AE25: =(180/PI())*IMARGUMENT(AC25) -> -11.816305 | AF25: =COMPLEX($B$72,0) -> 247.084651286898 | AG25: =IMSUM(COMPLEX(1,0),IMDIV(COMPLEX(0,2*PI()*O25),COMPLEX(wp_lf_DCM,0))) -> 1+0.186793319721578i | AH25: =IMABS(AG25) -> 1.0172963 | AI25: =IMARGUMENT(AG25) -> 0.18466518 | AJ25: =IMSUM(COMPLEX(1,0),IMDIV(COMPLEX(0,2*PI()*O25),COMPLEX(wz1_dcm,0))) -> 1+0.00121435529448783i | AK25: =IMABS(AJ25) -> 1.0000007 | AL25: =IMARGUMENT(AJ25) -> 0.0012143547 | AM25: =IMSUB(COMPLEX(1,0),IMDIV(COMPLEX(0,2*PI()*O25),COMPLEX(wz2_dcm,0))) -> 1-0.00120634759691524i | AN25: =IMABS(AM25) -> 1.0000007 | AO25: =IMARGUMENT(AM25) -> -0.001206347 | AP25: =(IMDIV(IMPRODUCT(AF25,AJ25,AM25),IMPRODUCT(AG25))) -> 238.754811020369-44.5958251708303i | AQ25: =20*LOG(IMABS(AP25)) -> 47.707979 | AR25: =(180/PI())*IMARGUMENT(AP25) -> -10.580077 | AS25: =COMPLEX(Adc_ea,0) -> -0.0000166666666666667 | AT25: =COMPLEX(0,2*PI()*O25*wp0_ea) -> 2.50991367857667E-07i | AU25: =IMABS(AT25) -> 2.5099137e-07 | AV25: =IMARGUMENT(AT25) -> 1.5707963 | AW25: =IMSUM(COMPLEX(1,0),IMDIV(COMPLEX(0,2*PI()*O25),COMPLEX(wp1_ea,0))) -> 1+0.000255073234393761i | AX25: =IMABS(AW25) -> 1 | AY25: =IMARGUMENT(AW25) -> 0.00025507323 | AZ25: =IMSUM(COMPLEX(1,0),IMDIV(COMPLEX(0,2*PI()*O25),COMPLEX(wz_ea,0))) -> 1+0.00867248996938787i | BA25: =IMABS(AZ25) -> 1.0000376 | BB25: =IMARGUMENT(AZ25) -> 0.0086722726 | BC25: =IMPRODUCT(AS25,IMDIV(AZ25,IMPRODUCT(AT25,AW25))) -> -0.558944600311951+66.4034886666341i | BD25: =20*LOG(IMABS(BC25)) -> 36.444126 | BE25: =(180/PI())*IMARGUMENT(BC25) -> 90.48227 | BF25: =IMPRODUCT(AC25,BC25) -> 211.750181742794+1056.43974868697i | BG25: =20*LOG(IMABS(BF25)) -> 60.64796 | BH25: =(180/PI())*IMARGUMENT(BF25) -> 78.665965 | BI25: =IMPRODUCT(AP25,BC25) -> 2827.86765889209+15879.0789833711i | BJ25: =20*LOG(IMABS(BI25)) -> 84.152104 | BK25: =(180/PI())*IMARGUMENT(BI25) -> 79.902193 | BL25: =IF($B$31=0,BJ25,BG25) -> 60.64796 | BM25: =IF($B$31=0,BK25,BH25) -> 78.665965
A26: R_sl | B26: =R_sl -> 0 | C26: Ω | E26: External Slope Compensation Resistor (No external Slope Comp for LM5127) | N26: 8 | O26: =10^(1+(N26/100)) -> 12.022644 | P26: =COMPLEX(Adc,0) -> 16.5157725627975 | Q26: =IMSUM(COMPLEX(1,0),IMDIV(COMPLEX(0,2*PI()*O26),COMPLEX(wp_lf,0))) -> 1+0.195458861682517i | R26: =IMABS(Q26) -> 1.018923 | S26: =IMARGUMENT(Q26) -> 0.19302529 | T26: =IMSUM(COMPLEX(1,0),IMDIV(COMPLEX(0,2*PI()*O26),COMPLEX(wz_esr,0))) -> 1+0.00124264126298843i | U26: =IMABS(T26) -> 1.0000008 | V26: =IMARGUMENT(T26) -> 0.0012426406 | W26: =IMSUB(COMPLEX(1,0),IMDIV(COMPLEX(0,2*PI()*O26),COMPLEX(wz_rhp,0))) -> 1-0.0188851255773317i | X26: =IMABS(W26) -> 1.0001783 | Y26: =IMARGUMENT(W26) -> -0.018882881 | Z26: =IMSUM(COMPLEX(1,0),IMDIV(COMPLEX(0,2*PI()*O26),COMPLEX(Q*(wsl/2),0)),IMDIV(IMPOWER(COMPLEX(0,2*PI()*O26),2),IMPOWER(COMPLEX(wsl/2,0),2))) -> 0.999999997013554+0.000264391758082644i | AA26: =IMABS(Z26) -> 1 | AB26: =IMARGUMENT(Z26) -> 0.00026439175 | AC26: =(IMDIV(IMPRODUCT(P26,T26,W26),IMPRODUCT(Q26,Z26))) -> 15.8526389700762-3.39428474297382i | AD26: =20*LOG(IMABS(AC26)) -> 24.196705 | AE26: =(180/PI())*IMARGUMENT(AC26) -> -12.085394 | AF26: =COMPLEX($B$72,0) -> 247.084651286898 | AG26: =IMSUM(COMPLEX(1,0),IMDIV(COMPLEX(0,2*PI()*O26),COMPLEX(wp_lf_DCM,0))) -> 1+0.191144295075949i | AH26: =IMABS(AG26) -> 1.0181042 | AI26: =IMARGUMENT(AG26) -> 0.18886614 | AJ26: =IMSUM(COMPLEX(1,0),IMDIV(COMPLEX(0,2*PI()*O26),COMPLEX(wz1_dcm,0))) -> 1+0.00124264126298843i | AK26: =IMABS(AJ26) -> 1.0000008 | AL26: =IMARGUMENT(AJ26) -> 0.0012426406 | AM26: =IMSUB(COMPLEX(1,0),IMDIV(COMPLEX(0,2*PI()*O26),COMPLEX(wz2_dcm,0))) -> 1-0.00123444704217809i | AN26: =IMABS(AM26) -> 1.0000008 | AO26: =IMARGUMENT(AM26) -> -0.0012344464 | AP26: =(IMDIV(IMPRODUCT(AF26,AJ26,AM26),IMPRODUCT(AG26))) -> 238.376075285525-45.5622022072315i | AQ26: =20*LOG(IMABS(AP26)) -> 47.701084 | AR26: =(180/PI())*IMARGUMENT(AP26) -> -10.820763 | AS26: =COMPLEX(Adc_ea,0) -> -0.0000166666666666667 | AT26: =COMPLEX(0,2*PI()*O26*wp0_ea) -> 2.56837707851712E-07i | AU26: =IMABS(AT26) -> 2.5683771e-07 | AV26: =IMARGUMENT(AT26) -> 1.5707963 | AW26: =IMSUM(COMPLEX(1,0),IMDIV(COMPLEX(0,2*PI()*O26),COMPLEX(wp1_ea,0))) -> 1+0.000261014653273522i | AX26: =IMABS(AW26) -> 1 | AY26: =IMARGUMENT(AW26) -> 0.00026101465 | AZ26: =IMSUM(COMPLEX(1,0),IMDIV(COMPLEX(0,2*PI()*O26),COMPLEX(wz_ea,0))) -> 1+0.00887449821129973i | BA26: =IMABS(AZ26) -> 1.0000394 | BB26: =IMARGUMENT(AZ26) -> 0.0088742652 | BC26: =IMPRODUCT(AS26,IMDIV(AZ26,IMPRODUCT(AT26,AW26))) -> -0.558944598598061+64.8919672926061i | BD26: =20*LOG(IMABS(BC26)) -> 36.244141 | BE26: =(180/PI())*IMARGUMENT(BC26) -> 90.493503 | BF26: =IMPRODUCT(AC26,BC26) -> 211.401067597+1030.60614667087i | BG26: =20*LOG(IMABS(BF26)) -> 60.440846 | BH26: =(180/PI())*IMARGUMENT(BF26) -> 78.408108 | BI26: =IMPRODUCT(AP26,BC26) -> 2823.38191569492+15494.1592275921i | BJ26: =20*LOG(IMABS(BI26)) -> 83.945225 | BK26: =(180/PI())*IMARGUMENT(BI26) -> 79.67274 | BL26: =IF($B$31=0,BJ26,BG26) -> 60.440846 | BM26: =IF($B$31=0,BK26,BH26) -> 78.408108
A27: Rsl_int | B27: =Rsl_int -> 3000 | C27: Ω | E27: Interanl Slope Compesnation Resistor | N27: 9 | O27: =10^(1+(N27/100)) -> 12.302688 | P27: =COMPLEX(Adc,0) -> 16.5157725627975 | Q27: =IMSUM(COMPLEX(1,0),IMDIV(COMPLEX(0,2*PI()*O27),COMPLEX(wp_lf,0))) -> 1+0.200011683438893i | R27: =IMABS(Q27) -> 1.0198062 | S27: =IMARGUMENT(Q27) -> 0.19740679 | T27: =IMSUM(COMPLEX(1,0),IMDIV(COMPLEX(0,2*PI()*O27),COMPLEX(wz_esr,0))) -> 1+0.00127158609633497i | U27: =IMABS(T27) -> 1.0000008 | V27: =IMARGUMENT(T27) -> 0.0012715854 | W27: =IMSUB(COMPLEX(1,0),IMDIV(COMPLEX(0,2*PI()*O27),COMPLEX(wz_rhp,0))) -> 1-0.0193250166616256i | X27: =IMABS(W27) -> 1.0001867 | Y27: =IMARGUMENT(W27) -> -0.019322612 | Z27: =IMSUM(COMPLEX(1,0),IMDIV(COMPLEX(0,2*PI()*O27),COMPLEX(Q*(wsl/2),0)),IMDIV(IMPOWER(COMPLEX(0,2*PI()*O27),2),IMPOWER(COMPLEX(wsl/2,0),2))) -> 0.999999996872807+0.000270550233262758i | AA27: =IMABS(Z27) -> 1 | AB27: =IMARGUMENT(Z27) -> 0.00027055023 | AC27: =(IMDIV(IMPRODUCT(P27,T27,W27),IMPRODUCT(Q27,Z27))) -> 15.8225886010889-3.46733737038966i | AD27: =20*LOG(IMABS(AC27)) -> 24.189253 | AE27: =(180/PI())*IMARGUMENT(AC27) -> -12.360325 | AF27: =COMPLEX($B$72,0) -> 247.084651286898 | AG27: =IMSUM(COMPLEX(1,0),IMDIV(COMPLEX(0,2*PI()*O27),COMPLEX(wp_lf_DCM,0))) -> 1+0.195596617665663i | AH27: =IMABS(AG27) -> 1.0189495 | AI27: =IMARGUMENT(AG27) -> 0.19315798 | AJ27: =IMSUM(COMPLEX(1,0),IMDIV(COMPLEX(0,2*PI()*O27),COMPLEX(wz1_dcm,0))) -> 1+0.00127158609633497i | AK27: =IMABS(AJ27) -> 1.0000008 | AL27: =IMARGUMENT(AJ27) -> 0.0012715854 | AM27: =IMSUB(COMPLEX(1,0),IMDIV(COMPLEX(0,2*PI()*O27),COMPLEX(wz2_dcm,0))) -> 1-0.00126320100760255i | AN27: =IMABS(AM27) -> 1.0000008 | AO27: =IMARGUMENT(AM27) -> -0.0012632003 | AP27: =(IMDIV(IMPRODUCT(AF27,AJ27,AM27),IMPRODUCT(AG27))) -> 237.980776113285-46.5461630504825i | AQ27: =20*LOG(IMABS(AP27)) -> 47.693876 | AR27: =(180/PI())*IMARGUMENT(AP27) -> -11.066656 | AS27: =COMPLEX(Adc_ea,0) -> -0.0000166666666666667 | AT27: =COMPLEX(0,2*PI()*O27*wp0_ea) -> 2.62820226598108E-07i | AU27: =IMABS(AT27) -> 2.6282023e-07 | AV27: =IMARGUMENT(AT27) -> 1.5707963 | AW27: =IMSUM(COMPLEX(1,0),IMDIV(COMPLEX(0,2*PI()*O27),COMPLEX(wp1_ea,0))) -> 1+0.000267094465577386i | AX27: =IMABS(AW27) -> 1 | AY27: =IMARGUMENT(AW27) -> 0.00026709446 | AZ27: =IMSUM(COMPLEX(1,0),IMDIV(COMPLEX(0,2*PI()*O27),COMPLEX(wz_ea,0))) -> 1+0.00908121182963111i | BA27: =IMABS(AZ27) -> 1.0000412 | BB27: =IMARGUMENT(AZ27) -> 0.0090809622 | BC27: =IMPRODUCT(AS27,IMDIV(AZ27,IMPRODUCT(AT27,AW27))) -> -0.558944596803401+63.4148524985836i | BD27: =20*LOG(IMABS(BC27)) -> 36.044157 | BE27: =(180/PI())*IMARGUMENT(BC27) -> 90.504997 | BF27: =IMPRODUCT(AC27,BC27) -> 211.036737500065+1005.3251717723i | BG27: =20*LOG(IMABS(BF27)) -> 60.23341 | BH27: =(180/PI())*IMARGUMENT(BF27) -> 78.144672 | BI27: =IMPRODUCT(AP27,BC27) -> 2818.69999526977+15117.5325410614i | BJ27: =20*LOG(IMABS(BI27)) -> 83.738033 | BK27: =(180/PI())*IMARGUMENT(BI27) -> 79.438341 | BL27: =IF($B$31=0,BJ27,BG27) -> 60.23341 | BM27: =IF($B$31=0,BK27,BH27) -> 78.144672
A28: Isl | B28: =Isl -> 3e-05 | C28: A | E28: Interanl Slope Compesnation current | N28: 10 | O28: =10^(1+(N28/100)) -> 12.589254 | P28: =COMPLEX(Adc,0) -> 16.5157725627975 | Q28: =IMSUM(COMPLEX(1,0),IMDIV(COMPLEX(0,2*PI()*O28),COMPLEX(wp_lf,0))) -> 1+0.204670554037296i | R28: =IMABS(Q28) -> 1.0207301 | S28: =IMARGUMENT(Q28) -> 0.20188242 | T28: =IMSUM(COMPLEX(1,0),IMDIV(COMPLEX(0,2*PI()*O28),COMPLEX(wz_esr,0))) -> 1+0.00130120514146121i | U28: =IMABS(T28) -> 1.0000008 | V28: =IMARGUMENT(T28) -> 0.0013012044 | W28: =IMSUB(COMPLEX(1,0),IMDIV(COMPLEX(0,2*PI()*O28),COMPLEX(wz_rhp,0))) -> 1-0.0197751541255503i | X28: =IMABS(W28) -> 1.0001955 | Y28: =IMARGUMENT(W28) -> -0.019772577 | Z28: =IMSUM(COMPLEX(1,0),IMDIV(COMPLEX(0,2*PI()*O28),COMPLEX(Q*(wsl/2),0)),IMDIV(IMPOWER(COMPLEX(0,2*PI()*O28),2),IMPOWER(COMPLEX(wsl/2,0),2))) -> 0.999999996725427+0.000276852157757704i | AA28: =IMABS(Z28) -> 1 | AB28: =IMARGUMENT(Z28) -> 0.00027685215 | AC28: =(IMDIV(IMPRODUCT(P28,T28,W28),IMPRODUCT(Q28,Z28))) -> 15.7912333203931-3.54168453459428i | AD28: =20*LOG(IMABS(AC28)) -> 24.181464 | AE28: =(180/PI())*IMARGUMENT(AC28) -> -12.641205 | AF28: =COMPLEX($B$72,0) -> 247.084651286898 | AG28: =IMSUM(COMPLEX(1,0),IMDIV(COMPLEX(0,2*PI()*O28),COMPLEX(wp_lf_DCM,0))) -> 1+0.200152648171091i | AH28: =IMABS(AG28) -> 1.0198339 | AI28: =IMARGUMENT(AG28) -> 0.19754233 | AJ28: =IMSUM(COMPLEX(1,0),IMDIV(COMPLEX(0,2*PI()*O28),COMPLEX(wz1_dcm,0))) -> 1+0.00130120514146121i | AK28: =IMABS(AJ28) -> 1.0000008 | AL28: =IMARGUMENT(AJ28) -> 0.0013012044 | AM28: =IMSUB(COMPLEX(1,0),IMDIV(COMPLEX(0,2*PI()*O28),COMPLEX(wz2_dcm,0))) -> 1-0.00129262473892168i | AN28: =IMABS(AM28) -> 1.0000008 | AO28: =IMARGUMENT(AM28) -> -0.001292624 | AP28: =(IMDIV(IMPRODUCT(AF28,AJ28,AM28),IMPRODUCT(AG28))) -> 237.568249939813-47.5477942610559i | AQ28: =20*LOG(IMABS(AP28)) -> 47.686342 | AR28: =(180/PI())*IMARGUMENT(AP28) -> -11.31785 | AS28: =COMPLEX(Adc_ea,0) -> -0.0000166666666666667 | AT28: =COMPLEX(0,2*PI()*O28*wp0_ea) -> 2.68942096107484E-07i | AU28: =IMABS(AT28) -> 2.689421e-07 | AV28: =IMARGUMENT(AT28) -> 1.5707963 | AW28: =IMSUM(COMPLEX(1,0),IMDIV(COMPLEX(0,2*PI()*O28),COMPLEX(wp1_ea,0))) -> 1+0.000273315894902312i | AX28: =IMABS(AW28) -> 1 | AY28: =IMARGUMENT(AW28) -> 0.00027331589 | AZ28: =IMSUM(COMPLEX(1,0),IMDIV(COMPLEX(0,2*PI()*O28),COMPLEX(wz_ea,0))) -> 1+0.00929274042667861i | BA28: =IMABS(AZ28) -> 1.0000432 | BB28: =IMARGUMENT(AZ28) -> 0.0092924729 | BC28: =IMPRODUCT(AS28,IMDIV(AZ28,IMPRODUCT(AT28,AW28))) -> -0.558944594924159+61.9713610987505i | BD28: =20*LOG(IMABS(BC28)) -> 35.844174 | BE28: =(180/PI())*IMARGUMENT(BC28) -> 90.51676 | BF28: =IMPRODUCT(AC28,BC28) -> 210.656586679582+980.58382772024i | BG28: =20*LOG(IMABS(BF28)) -> 60.025638 | BH28: =(180/PI())*IMARGUMENT(BF28) -> 77.875555 | BI28: =IMPRODUCT(AP28,BC28) -> 2813.81403837154+14749.0043852211i | BJ28: =20*LOG(IMABS(BI28)) -> 83.530515 | BK28: =(180/PI())*IMARGUMENT(BI28) -> 79.198909 | BL28: =IF($B$31=0,BJ28,BG28) -> 60.025638 | BM28: =IF($B$31=0,BK28,BH28) -> 77.875555
A29: Vsl | B29: =Vsl -> 0.045 | N29: 11 | O29: =10^(1+(N29/100)) -> 12.882496 | P29: =COMPLEX(Adc,0) -> 16.5157725627975 | Q29: =IMSUM(COMPLEX(1,0),IMDIV(COMPLEX(0,2*PI()*O29),COMPLEX(wp_lf,0))) -> 1+0.209437943672584i | R29: =IMABS(Q29) -> 1.0216968 | S29: =IMARGUMENT(Q29) -> 0.20645382 | T29: =IMSUM(COMPLEX(1,0),IMDIV(COMPLEX(0,2*PI()*O29),COMPLEX(wz_esr,0))) -> 1+0.00133151410277694i | U29: =IMABS(T29) -> 1.0000009 | V29: =IMARGUMENT(T29) -> 0.0013315133 | W29: =IMSUB(COMPLEX(1,0),IMDIV(COMPLEX(0,2*PI()*O29),COMPLEX(wz_rhp,0))) -> 1-0.0202357766379475i | X29: =IMABS(W29) -> 1.0002047 | Y29: =IMARGUMENT(W29) -> -0.020233015 | Z29: =IMSUM(COMPLEX(1,0),IMDIV(COMPLEX(0,2*PI()*O29),COMPLEX(Q*(wsl/2),0)),IMDIV(IMPOWER(COMPLEX(0,2*PI()*O29),2),IMPOWER(COMPLEX(wsl/2,0),2))) -> 0.999999996571101+0.000283300872931264i | AA29: =IMABS(Z29) -> 1 | AB29: =IMARGUMENT(Z29) -> 0.00028330087 | AC29: =(IMDIV(IMPRODUCT(P29,T29,W29),IMPRODUCT(Q29,Z29))) -> 15.7585217073772-3.61732991673418i | AD29: =20*LOG(IMABS(AC29)) -> 24.173323 | AE29: =(180/PI())*IMARGUMENT(AC29) -> -12.928141 | AF29: =COMPLEX($B$72,0) -> 247.084651286898 | AG29: =IMSUM(COMPLEX(1,0),IMDIV(COMPLEX(0,2*PI()*O29),COMPLEX(wp_lf_DCM,0))) -> 1+0.204814802259913i | AH29: =IMABS(AG29) -> 1.0207591 | AI29: =IMARGUMENT(AG29) -> 0.20202086 | AJ29: =IMSUM(COMPLEX(1,0),IMDIV(COMPLEX(0,2*PI()*O29),COMPLEX(wz1_dcm,0))) -> 1+0.00133151410277694i | AK29: =IMABS(AJ29) -> 1.0000009 | AL29: =IMARGUMENT(AJ29) -> 0.0013315133 | AM29: =IMSUB(COMPLEX(1,0),IMDIV(COMPLEX(0,2*PI()*O29),COMPLEX(wz2_dcm,0))) -> 1-0.00132273383698729i | AN29: =IMABS(AM29) -> 1.0000009 | AO29: =IMARGUMENT(AM29) -> -0.0013227331 | AP29: =(IMDIV(IMPRODUCT(AF29,AJ29,AM29),IMPRODUCT(AG29))) -> 237.137812237271-48.5671646528142i | AQ29: =20*LOG(IMABS(AP29)) -> 47.678466 | AR29: =(180/PI())*IMARGUMENT(AP29) -> -11.57444 | AS29: =COMPLEX(Adc_ea,0) -> -0.0000166666666666667 | AT29: =COMPLEX(0,2*PI()*O29*wp0_ea) -> 2.75206562276086E-07i | AU29: =IMABS(AT29) -> 2.7520656e-07 | AV29: =IMARGUMENT(AT29) -> 1.5707963 | AW29: =IMSUM(COMPLEX(1,0),IMDIV(COMPLEX(0,2*PI()*O29),COMPLEX(wp1_ea,0))) -> 1+0.000279682239932479i | AX29: =IMABS(AW29) -> 1 | AY29: =IMARGUMENT(AW29) -> 0.00027968223 | AZ29: =IMSUM(COMPLEX(1,0),IMDIV(COMPLEX(0,2*PI()*O29),COMPLEX(wz_ea,0))) -> 1+0.00950919615770427i | BA29: =IMABS(AZ29) -> 1.0000452 | BB29: =IMARGUMENT(AZ29) -> 0.0095089096 | BC29: =IMPRODUCT(AS29,IMDIV(AZ29,IMPRODUCT(AT29,AW29))) -> -0.558944592956349+60.5607277348598i | BD29: =20*LOG(IMABS(BC29)) -> 35.644192 | BE29: =(180/PI())*IMARGUMENT(BC29) -> 90.528796 | BF29: =IMPRODUCT(AC29,BC29) -> 210.259991713178+956.369429622246i | BG29: =20*LOG(IMABS(BF29)) -> 59.817515 | BH29: =(180/PI())*IMARGUMENT(BF29) -> 77.600655 | BI29: =IMPRODUCT(AP29,BC29) -> 2808.71593745767+14388.3848366196i | BJ29: =20*LOG(IMABS(BI29)) -> 83.322657 | BK29: =(180/PI())*IMARGUMENT(BI29) -> 78.954356 | BL29: =IF($B$31=0,BJ29,BG29) -> 59.817515 | BM29: =IF($B$31=0,BK29,BH29) -> 77.600655
A30: Gcomp | B30: =Gcomp -> 1 | E30: Scale down factor of the interal comp voltage divider | N30: 12 | O30: =10^(1+(N30/100)) -> 13.182567 | P30: =COMPLEX(Adc,0) -> 16.5157725627975 | Q30: =IMSUM(COMPLEX(1,0),IMDIV(COMPLEX(0,2*PI()*O30),COMPLEX(wp_lf,0))) -> 1+0.214316380077847i | R30: =IMABS(Q30) -> 1.0227079 | S30: =IMARGUMENT(Q30) -> 0.21112265 | T30: =IMSUM(COMPLEX(1,0),IMDIV(COMPLEX(0,2*PI()*O30),COMPLEX(wz_esr,0))) -> 1+0.00136252905049464i | U30: =IMABS(T30) -> 1.0000009 | V30: =IMARGUMENT(T30) -> 0.0013625282 | W30: =IMSUB(COMPLEX(1,0),IMDIV(COMPLEX(0,2*PI()*O30),COMPLEX(wz_rhp,0))) -> 1-0.0207071284269702i | X30: =IMABS(W30) -> 1.0002144 | Y30: =IMARGUMENT(W30) -> -0.02070417 | Z30: =IMSUM(COMPLEX(1,0),IMDIV(COMPLEX(0,2*PI()*O30),COMPLEX(Q*(wsl/2),0)),IMDIV(IMPOWER(COMPLEX(0,2*PI()*O30),2),IMPOWER(COMPLEX(wsl/2,0),2))) -> 0.999999996409502+0.000289899797977583i | AA30: =IMABS(Z30) -> 1 | AB30: =IMARGUMENT(Z30) -> 0.00028989979 | AC30: =(IMDIV(IMPRODUCT(P30,T30,W30),IMPRODUCT(Q30,Z30))) -> 15.7244007979184-3.69427568966793i | AD30: =20*LOG(IMABS(AC30)) -> 24.164815 | AE30: =(180/PI())*IMARGUMENT(AC30) -> -13.221241 | AF30: =COMPLEX($B$72,0) -> 247.084651286898 | AG30: =IMSUM(COMPLEX(1,0),IMDIV(COMPLEX(0,2*PI()*O30),COMPLEX(wp_lf_DCM,0))) -> 1+0.209585551867937i | AH30: =IMABS(AG30) -> 1.021727 | AI30: =IMARGUMENT(AG30) -> 0.20659522 | AJ30: =IMSUM(COMPLEX(1,0),IMDIV(COMPLEX(0,2*PI()*O30),COMPLEX(wz1_dcm,0))) -> 1+0.00136252905049464i | AK30: =IMABS(AJ30) -> 1.0000009 | AL30: =IMARGUMENT(AJ30) -> 0.0013625282 | AM30: =IMSUB(COMPLEX(1,0),IMDIV(COMPLEX(0,2*PI()*O30),COMPLEX(wz2_dcm,0))) -> 1-0.00135354426604173i | AN30: =IMABS(AM30) -> 1.0000009 | AO30: =IMARGUMENT(AM30) -> -0.0013535434 | AP30: =(IMDIV(IMPRODUCT(AF30,AJ30,AM30),IMPRODUCT(AG30))) -> 236.688757385103-49.6043238351597i | AQ30: =20*LOG(IMABS(AP30)) -> 47.670234 | AR30: =(180/PI())*IMARGUMENT(AP30) -> -11.836519 | AS30: =COMPLEX(Adc_ea,0) -> -0.0000166666666666667 | AT30: =COMPLEX(0,2*PI()*O30*wp0_ea) -> 2.81616946606795E-07i | AU30: =IMABS(AT30) -> 2.8161695e-07 | AV30: =IMARGUMENT(AT30) -> 1.5707963 | AW30: =IMSUM(COMPLEX(1,0),IMDIV(COMPLEX(0,2*PI()*O30),COMPLEX(wp1_ea,0))) -> 1+0.00028619687618829i | AX30: =IMABS(AW30) -> 1 | AY30: =IMARGUMENT(AW30) -> 0.00028619687 | AZ30: =IMSUM(COMPLEX(1,0),IMDIV(COMPLEX(0,2*PI()*O30),COMPLEX(wz_ea,0))) -> 1+0.00973069379040186i | BA30: =IMABS(AZ30) -> 1.0000473 | BB30: =IMARGUMENT(AZ30) -> 0.0097303867 | BC30: =IMPRODUCT(AS30,IMDIV(AZ30,IMPRODUCT(AT30,AW30))) -> -0.558944590895805+59.1822044704303i | BD30: =20*LOG(IMABS(BC30)) -> 35.44421 | BE30: =(180/PI())*IMARGUMENT(BC30) -> 90.541112 | BF30: =IMPRODUCT(AC30,BC30) -> 209.846310464993+932.669598611422i | BG30: =20*LOG(IMABS(BF30)) -> 59.609025 | BH30: =(180/PI())*IMARGUMENT(BF30) -> 77.319871 | BI30: =IMPRODUCT(AP30,BC30) -> 2803.39733516361+14035.4885039099i | BJ30: =20*LOG(IMABS(BI30)) -> 83.114444 | BK30: =(180/PI())*IMARGUMENT(BI30) -> 78.704593 | BL30: =IF($B$31=0,BJ30,BG30) -> 59.609025 | BM30: =IF($B$31=0,BK30,BH30) -> 77.319871
A31: Operating mode | B31: =IF(Variable_Management!B20=3,1,IF((VOUT*IOUT)/(VIN_var*Np)<((VIN_var*(1-(VIN_var/VOUT)))/(2*Lm*Fsw)),0,1)) -> 1 | E31: 0 - DCM operation, 1- CCM opertaion | N31: 13 | O31: =10^(1+(N31/100)) -> 13.489629 | P31: =COMPLEX(Adc,0) -> 16.5157725627975 | Q31: =IMSUM(COMPLEX(1,0),IMDIV(COMPLEX(0,2*PI()*O31),COMPLEX(wp_lf,0))) -> 1+0.219308449864639i | R31: =IMABS(Q31) -> 1.0237657 | S31: =IMARGUMENT(Q31) -> 0.21589059 | T31: =IMSUM(COMPLEX(1,0),IMDIV(COMPLEX(0,2*PI()*O31),COMPLEX(wz_esr,0))) -> 1+0.00139426642915012i | U31: =IMABS(T31) -> 1.000001 | V31: =IMARGUMENT(T31) -> 0.0013942655 | W31: =IMSUB(COMPLEX(1,0),IMDIV(COMPLEX(0,2*PI()*O31),COMPLEX(wz_rhp,0))) -> 1-0.0211894594095763i | X31: =IMABS(W31) -> 1.0002245 | Y31: =IMARGUMENT(W31) -> -0.021186289 | Z31: =IMSUM(COMPLEX(1,0),IMDIV(COMPLEX(0,2*PI()*O31),COMPLEX(Q*(wsl/2),0)),IMDIV(IMPOWER(COMPLEX(0,2*PI()*O31),2),IMPOWER(COMPLEX(wsl/2,0),2))) -> 0.999999996240287+0.000296652431734067i | AA31: =IMABS(Z31) -> 1 | AB31: =IMARGUMENT(Z31) -> 0.00029665242 | AC31: =(IMDIV(IMPRODUCT(P31,T31,W31),IMPRODUCT(Q31,Z31))) -> 15.6888160839029-3.77252240157812i | AD31: =20*LOG(IMABS(AC31)) -> 24.155924 | AE31: =(180/PI())*IMARGUMENT(AC31) -> -13.520616 | AF31: =COMPLEX($B$72,0) -> 247.084651286898 | AG31: =IMSUM(COMPLEX(1,0),IMDIV(COMPLEX(0,2*PI()*O31),COMPLEX(wp_lf_DCM,0))) -> 1+0.214467426509754i | AH31: =IMABS(AG31) -> 1.0227396 | AI31: =IMARGUMENT(AG31) -> 0.21126706 | AJ31: =IMSUM(COMPLEX(1,0),IMDIV(COMPLEX(0,2*PI()*O31),COMPLEX(wz1_dcm,0))) -> 1+0.00139426642915012i | AK31: =IMABS(AJ31) -> 1.000001 | AL31: =IMARGUMENT(AJ31) -> 0.0013942655 | AM31: =IMSUB(COMPLEX(1,0),IMDIV(COMPLEX(0,2*PI()*O31),COMPLEX(wz2_dcm,0))) -> 1-0.0013850723621823i | AN31: =IMABS(AM31) -> 1.000001 | AO31: =IMARGUMENT(AM31) -> -0.0013850715 | AP31: =(IMDIV(IMPRODUCT(AF31,AJ31,AM31),IMPRODUCT(AG31))) -> 236.220358600099-50.6593006853437i | AQ31: =20*LOG(IMABS(AP31)) -> 47.661631 | AR31: =(180/PI())*IMARGUMENT(AP31) -> -12.104184 | AS31: =COMPLEX(Adc_ea,0) -> -0.0000166666666666667 | AT31: =COMPLEX(0,2*PI()*O31*wp0_ea) -> 2.88176647970237E-07i | AU31: =IMABS(AT31) -> 2.8817665e-07 | AV31: =IMARGUMENT(AT31) -> 1.5707963 | AW31: =IMSUM(COMPLEX(1,0),IMDIV(COMPLEX(0,2*PI()*O31),COMPLEX(wp1_ea,0))) -> 1+0.00029286325781612i | AX31: =IMABS(AW31) -> 1 | AY31: =IMARGUMENT(AW31) -> 0.00029286325 | AZ31: =IMSUM(COMPLEX(1,0),IMDIV(COMPLEX(0,2*PI()*O31),COMPLEX(wz_ea,0))) -> 1+0.00995735076574807i | BA31: =IMABS(AZ31) -> 1.0000496 | BB31: =IMARGUMENT(AZ31) -> 0.0099570217 | BC31: =IMPRODUCT(AS31,IMDIV(AZ31,IMPRODUCT(AT31,AW31))) -> -0.558944588738146+57.8350603941798i | BD31: =20*LOG(IMABS(BC31)) -> 35.244229 | BE31: =(180/PI())*IMARGUMENT(BC31) -> 90.553715 | BF31: =IMPRODUCT(AC31,BC31) -> 209.414882079861+909.472256707959i | BG31: =20*LOG(IMABS(BF31)) -> 59.400154 | BH31: =(180/PI())*IMARGUMENT(BF31) -> 77.0331 | BI31: =IMPRODUCT(AP31,BC31) -> 2797.84962347446+13690.1344479589i | BJ31: =20*LOG(IMABS(BI31)) -> 82.90586 | BK31: =(180/PI())*IMARGUMENT(BI31) -> 78.449531 | BL31: =IF($B$31=0,BJ31,BG31) -> 59.400154 | BM31: =IF($B$31=0,BK31,BH31) -> 77.0331
A32: CCM Plan Parameters | E32: Always set to 1 right now for initial revision. Will only operate in CCM | N32: 14 | O32: =10^(1+(N32/100)) -> 13.803843 | P32: =COMPLEX(Adc,0) -> 16.5157725627975 | Q32: =IMSUM(COMPLEX(1,0),IMDIV(COMPLEX(0,2*PI()*O32),COMPLEX(wp_lf,0))) -> 1+0.22441679989444i | R32: =IMABS(Q32) -> 1.0248721 | S32: =IMARGUMENT(Q32) -> 0.22075927 | T32: =IMSUM(COMPLEX(1,0),IMDIV(COMPLEX(0,2*PI()*O32),COMPLEX(wz_esr,0))) -> 1+0.00142674306632163i | U32: =IMABS(T32) -> 1.000001 | V32: =IMARGUMENT(T32) -> 0.0014267421 | W32: =IMSUB(COMPLEX(1,0),IMDIV(COMPLEX(0,2*PI()*O32),COMPLEX(wz_rhp,0))) -> 1-0.0216830253240369i | X32: =IMABS(W32) -> 1.000235 | Y32: =IMARGUMENT(W32) -> -0.021679628 | Z32: =IMSUM(COMPLEX(1,0),IMDIV(COMPLEX(0,2*PI()*O32),COMPLEX(Q*(wsl/2),0)),IMDIV(IMPOWER(COMPLEX(0,2*PI()*O32),2),IMPOWER(COMPLEX(wsl/2,0),2))) -> 0.999999996063098+0.000303562354536516i | AA32: =IMABS(Z32) -> 1 | AB32: =IMARGUMENT(Z32) -> 0.00030356235 | AC32: =(IMDIV(IMPRODUCT(P32,T32,W32),IMPRODUCT(Q32,Z32))) -> 15.6517115180289-3.85206885445556i | AD32: =20*LOG(IMABS(AC32)) -> 24.146634 | AE32: =(180/PI())*IMARGUMENT(AC32) -> -13.826372 | AF32: =COMPLEX($B$72,0) -> 247.084651286898 | AG32: =IMSUM(COMPLEX(1,0),IMDIV(COMPLEX(0,2*PI()*O32),COMPLEX(wp_lf_DCM,0))) -> 1+0.21946301461992i | AH32: =IMABS(AG32) -> 1.0237988 | AI32: =IMARGUMENT(AG32) -> 0.21603805 | AJ32: =IMSUM(COMPLEX(1,0),IMDIV(COMPLEX(0,2*PI()*O32),COMPLEX(wz1_dcm,0))) -> 1+0.00142674306632163i | AK32: =IMABS(AJ32) -> 1.000001 | AL32: =IMARGUMENT(AJ32) -> 0.0014267421 | AM32: =IMSUB(COMPLEX(1,0),IMDIV(COMPLEX(0,2*PI()*O32),COMPLEX(wz2_dcm,0))) -> 1-0.0014173348420229i | AN32: =IMABS(AM32) -> 1.000001 | AO32: =IMARGUMENT(AM32) -> -0.0014173339 | AP32: =(IMDIV(IMPRODUCT(AF32,AJ32,AM32),IMPRODUCT(AG32))) -> 235.731867931933-51.7321017505068i | AQ32: =20*LOG(IMABS(AP32)) -> 47.65264 | AR32: =(180/PI())*IMARGUMENT(AP32) -> -12.37753 | AS32: =COMPLEX(Adc_ea,0) -> -0.0000166666666666667 | AT32: =COMPLEX(0,2*PI()*O32*wp0_ea) -> 2.94889144406901E-07i | AU32: =IMABS(AT32) -> 2.9488914e-07 | AV32: =IMARGUMENT(AT32) -> 1.5707963 | AW32: =IMSUM(COMPLEX(1,0),IMDIV(COMPLEX(0,2*PI()*O32),COMPLEX(wp1_ea,0))) -> 1+0.000299684919419747i | AX32: =IMABS(AW32) -> 1 | AY32: =IMARGUMENT(AW32) -> 0.00029968491 | AZ32: =IMSUM(COMPLEX(1,0),IMDIV(COMPLEX(0,2*PI()*O32),COMPLEX(wz_ea,0))) -> 1+0.0101892872602714i | BA32: =IMABS(AZ32) -> 1.0000519 | BB32: =IMARGUMENT(AZ32) -> 0.010188935 | BC32: =IMPRODUCT(AS32,IMDIV(AZ32,IMPRODUCT(AT32,AW32))) -> -0.558944586478801+56.5185812324878i | BD32: =20*LOG(IMABS(BC32)) -> 35.04425 | BE32: =(180/PI())*IMARGUMENT(BC32) -> 90.566612 | BF32: =IMPRODUCT(AC32,BC32) -> 208.965027041553+886.765621892123i | BG32: =20*LOG(IMABS(BF32)) -> 59.190884 | BH32: =(180/PI())*IMARGUMENT(BF32) -> 76.74024 | BI32: =IMPRODUCT(AP32,BC32) -> 2792.06394367225+13352.1461050177i | BJ32: =20*LOG(IMABS(BI32)) -> 82.69689 | BK32: =(180/PI())*IMARGUMENT(BI32) -> 78.189083 | BL32: =IF($B$31=0,BJ32,BG32) -> 59.190884 | BM32: =IF($B$31=0,BK32,BH32) -> 76.74024
N33: 15 | O33: =10^(1+(N33/100)) -> 14.125375 | P33: =COMPLEX(Adc,0) -> 16.5157725627975 | Q33: =IMSUM(COMPLEX(1,0),IMDIV(COMPLEX(0,2*PI()*O33),COMPLEX(wp_lf,0))) -> 1+0.229644138682053i | R33: =IMABS(Q33) -> 1.0260294 | S33: =IMARGUMENT(Q33) -> 0.22573038 | T33: =IMSUM(COMPLEX(1,0),IMDIV(COMPLEX(0,2*PI()*O33),COMPLEX(wz_esr,0))) -> 1+0.00145997618155207i | U33: =IMABS(T33) -> 1.0000011 | V33: =IMARGUMENT(T33) -> 0.0014599751 | W33: =IMSUB(COMPLEX(1,0),IMDIV(COMPLEX(0,2*PI()*O33),COMPLEX(wz_rhp,0))) -> 1-0.0221880878655331i | X33: =IMABS(W33) -> 1.0002461 | Y33: =IMARGUMENT(W33) -> -0.022184448 | Z33: =IMSUM(COMPLEX(1,0),IMDIV(COMPLEX(0,2*PI()*O33),COMPLEX(Q*(wsl/2),0)),IMDIV(IMPOWER(COMPLEX(0,2*PI()*O33),2),IMPOWER(COMPLEX(wsl/2,0),2))) -> 0.999999995877557+0.000310633230117462i | AA33: =IMABS(Z33) -> 1 | AB33: =IMARGUMENT(Z33) -> 0.00031063322 | AC33: =(IMDIV(IMPRODUCT(P33,T33,W33),IMPRODUCT(Q33,Z33))) -> 15.6130295244376-3.93291197748284i | AD33: =20*LOG(IMABS(AC33)) -> 24.136928 | AE33: =(180/PI())*IMARGUMENT(AC33) -> -14.138621 | AF33: =COMPLEX($B$72,0) -> 247.084651286898 | AG33: =IMSUM(COMPLEX(1,0),IMDIV(COMPLEX(0,2*PI()*O33),COMPLEX(wp_lf_DCM,0))) -> 1+0.224574964925372i | AH33: =IMABS(AG33) -> 1.0249068 | AI33: =IMARGUMENT(AG33) -> 0.22090985 | AJ33: =IMSUM(COMPLEX(1,0),IMDIV(COMPLEX(0,2*PI()*O33),COMPLEX(wz1_dcm,0))) -> 1+0.00145997618155207i | AK33: =IMABS(AJ33) -> 1.0000011 | AL33: =IMARGUMENT(AJ33) -> 0.0014599751 | AM33: =IMSUB(COMPLEX(1,0),IMDIV(COMPLEX(0,2*PI()*O33),COMPLEX(wz2_dcm,0))) -> 1-0.00145034881155738i | AN33: =IMABS(AM33) -> 1.0000011 | AO33: =IMARGUMENT(AM33) -> -0.0014503478 | AP33: =(IMDIV(IMPRODUCT(AF33,AJ33,AM33),IMPRODUCT(AG33))) -> 235.222516331342-52.8227095794108i | AQ33: =20*LOG(IMABS(AP33)) -> 47.643246 | AR33: =(180/PI())*IMARGUMENT(AP33) -> -12.656651 | AS33: =COMPLEX(Adc_ea,0) -> -0.0000166666666666667 | AT33: =COMPLEX(0,2*PI()*O33*wp0_ea) -> 3.01757994971249E-07i | AU33: =IMABS(AT33) -> 3.0175799e-07 | AV33: =IMARGUMENT(AT33) -> 1.5707963 | AW33: =IMSUM(COMPLEX(1,0),IMDIV(COMPLEX(0,2*PI()*O33),COMPLEX(wp1_ea,0))) -> 1+0.00030666547793445i | AX33: =IMABS(AW33) -> 1 | AY33: =IMARGUMENT(AW33) -> 0.00030666547 | AZ33: =IMSUM(COMPLEX(1,0),IMDIV(COMPLEX(0,2*PI()*O33),COMPLEX(wz_ea,0))) -> 1+0.0104266262497713i | BA33: =IMABS(AZ33) -> 1.0000544 | BB33: =IMARGUMENT(AZ33) -> 0.010426248 | BC33: =IMPRODUCT(AS33,IMDIV(AZ33,IMPRODUCT(AT33,AW33))) -> -0.558944584112978+55.2320689706771i | BD33: =20*LOG(IMABS(BC33)) -> 34.844271 | BE33: =(180/PI())*IMARGUMENT(BC33) -> 90.579809 | BF33: =IMPRODUCT(AC33,BC33) -> 208.496047301654+864.538203384562i | BG33: =20*LOG(IMABS(BF33)) -> 58.981199 | BH33: =(180/PI())*IMARGUMENT(BF33) -> 76.441189 | BI33: =IMPRODUCT(AP33,BC33) -> 2786.03118714323+13021.3512129065i | BJ33: =20*LOG(IMABS(BI33)) -> 82.487517 | BK33: =(180/PI())*IMARGUMENT(BI33) -> 77.923159 | BL33: =IF($B$31=0,BJ33,BG33) -> 58.981199 | BM33: =IF($B$31=0,BK33,BH33) -> 76.441189
A34: Kex | B34: =(R_cs*Acs/(2*Lm*Fsw))*(1-(VIN_var/VOUT))*(VIN_var/VOUT) -> 0.00012818182 | E34: Slope compensation parameters. Will change pole and DC gain equation | N34: 16 | O34: =10^(1+(N34/100)) -> 14.454398 | P34: =COMPLEX(Adc,0) -> 16.5157725627975 | Q34: =IMSUM(COMPLEX(1,0),IMDIV(COMPLEX(0,2*PI()*O34),COMPLEX(wp_lf,0))) -> 1+0.234993237831695i | R34: =IMABS(Q34) -> 1.0272399 | S34: =IMARGUMENT(Q34) -> 0.23080555 | T34: =IMSUM(COMPLEX(1,0),IMDIV(COMPLEX(0,2*PI()*O34),COMPLEX(wz_esr,0))) -> 1+0.00149398339547905i | U34: =IMABS(T34) -> 1.0000011 | V34: =IMARGUMENT(T34) -> 0.0014939823 | W34: =IMSUB(COMPLEX(1,0),IMDIV(COMPLEX(0,2*PI()*O34),COMPLEX(wz_rhp,0))) -> 1-0.0227049148249096i | X34: =IMABS(W34) -> 1.0002577 | Y34: =IMARGUMENT(W34) -> -0.022701014 | Z34: =IMSUM(COMPLEX(1,0),IMDIV(COMPLEX(0,2*PI()*O34),COMPLEX(Q*(wsl/2),0)),IMDIV(IMPOWER(COMPLEX(0,2*PI()*O34),2),IMPOWER(COMPLEX(wsl/2,0),2))) -> 0.999999995683272+0.000317868807548734i | AA34: =IMABS(Z34) -> 1 | AB34: =IMARGUMENT(Z34) -> 0.0003178688 | AC34: =(IMDIV(IMPRODUCT(P34,T34,W34),IMPRODUCT(Q34,Z34))) -> 15.5727110157574-4.01504669538395i | AD34: =20*LOG(IMABS(AC34)) -> 24.126788 | AE34: =(180/PI())*IMARGUMENT(AC34) -> -14.45747 | AF34: =COMPLEX($B$72,0) -> 247.084651286898 | AG34: =IMSUM(COMPLEX(1,0),IMDIV(COMPLEX(0,2*PI()*O34),COMPLEX(wp_lf_DCM,0))) -> 1+0.229805987849829i | AH34: =IMABS(AG34) -> 1.0260657 | AI34: =IMARGUMENT(AG34) -> 0.22588412 | AJ34: =IMSUM(COMPLEX(1,0),IMDIV(COMPLEX(0,2*PI()*O34),COMPLEX(wz1_dcm,0))) -> 1+0.00149398339547905i | AK34: =IMABS(AJ34) -> 1.0000011 | AL34: =IMARGUMENT(AJ34) -> 0.0014939823 | AM34: =IMSUB(COMPLEX(1,0),IMDIV(COMPLEX(0,2*PI()*O34),COMPLEX(wz2_dcm,0))) -> 1-0.00148413177522939i | AN34: =IMABS(AM34) -> 1.0000011 | AO34: =IMARGUMENT(AM34) -> -0.0014841307 | AP34: =(IMDIV(IMPRODUCT(AF34,AJ34,AM34),IMPRODUCT(AG34))) -> 234.691513798446-53.9310809842696i | AQ34: =20*LOG(IMABS(AP34)) -> 47.633431 | AR34: =(180/PI())*IMARGUMENT(AP34) -> -12.941642 | AS34: =COMPLEX(Adc_ea,0) -> -0.0000166666666666667 | AT34: =COMPLEX(0,2*PI()*O34*wp0_ea) -> 3.08786841618771E-07i | AU34: =IMABS(AT34) -> 3.0878684e-07 | AV34: =IMARGUMENT(AT34) -> 1.5707963 | AW34: =IMSUM(COMPLEX(1,0),IMDIV(COMPLEX(0,2*PI()*O34),COMPLEX(wp1_ea,0))) -> 1+0.000313808634544751i | AX34: =IMABS(AW34) -> 1 | AY34: =IMARGUMENT(AW34) -> 0.00031380862 | AZ34: =IMSUM(COMPLEX(1,0),IMDIV(COMPLEX(0,2*PI()*O34),COMPLEX(wz_ea,0))) -> 1+0.0106694935745215i | BA34: =IMABS(AZ34) -> 1.0000569 | BB34: =IMARGUMENT(AZ34) -> 0.010669089 | BC34: =IMPRODUCT(AS34,IMDIV(AZ34,IMPRODUCT(AT34,AW34))) -> -0.558944581635653+53.9748414829174i | BD34: =20*LOG(IMABS(BC34)) -> 34.644293 | BE34: =(180/PI())*IMARGUMENT(BC34) -> 90.593314 | BF34: =IMPRODUCT(AC34,BC34) -> 208.007226486225+842.778797130186i | BG34: =20*LOG(IMABS(BF34)) -> 58.771081 | BH34: =(180/PI())*IMARGUMENT(BF34) -> 76.135844 | BI34: =IMPRODUCT(AP34,BC34) -> 2779.74199713482+12697.581740155i | BJ34: =20*LOG(IMABS(BI34)) -> 82.277725 | BK34: =(180/PI())*IMARGUMENT(BI34) -> 77.651672 | BL34: =IF($B$31=0,BJ34,BG34) -> 58.771081 | BM34: =IF($B$31=0,BK34,BH34) -> 76.135844
A35: Km | B35: =1/((0.5-(1-(VIN_var/VOUT)))*(R_cs*Acs/(Lm*Fsw))+(Vsl*Acs/VOUT)) -> 142.85714 | E35: Slope compensation parameters. Will change pole and DC gain equation | N35: 17 | O35: =10^(1+(N35/100)) -> 14.791084 | P35: =COMPLEX(Adc,0) -> 16.5157725627975 | Q35: =IMSUM(COMPLEX(1,0),IMDIV(COMPLEX(0,2*PI()*O35),COMPLEX(wp_lf,0))) -> 1+0.240466933506538i | R35: =IMABS(Q35) -> 1.0285059 | S35: =IMARGUMENT(Q35) -> 0.23598644 | T35: =IMSUM(COMPLEX(1,0),IMDIV(COMPLEX(0,2*PI()*O35),COMPLEX(wz_esr,0))) -> 1+0.00152878273917752i | U35: =IMABS(T35) -> 1.0000012 | V35: =IMARGUMENT(T35) -> 0.0015287815 | W35: =IMSUB(COMPLEX(1,0),IMDIV(COMPLEX(0,2*PI()*O35),COMPLEX(wz_rhp,0))) -> 1-0.0232337802306614i | X35: =IMABS(W35) -> 1.0002699 | Y35: =IMARGUMENT(W35) -> -0.023229601 | Z35: =IMSUM(COMPLEX(1,0),IMDIV(COMPLEX(0,2*PI()*O35),COMPLEX(Q*(wsl/2),0)),IMDIV(IMPOWER(COMPLEX(0,2*PI()*O35),2),IMPOWER(COMPLEX(wsl/2,0),2))) -> 0.999999995479831+0.000325272923229259i | AA35: =IMABS(Z35) -> 1 | AB35: =IMARGUMENT(Z35) -> 0.00032527291 | AC35: =(IMDIV(IMPRODUCT(P35,T35,W35),IMPRODUCT(Q35,Z35))) -> 15.5306954171688-4.09846579184495i | AD35: =20*LOG(IMABS(AC35)) -> 24.116196 | AE35: =(180/PI())*IMARGUMENT(AC35) -> -14.783029 | AF35: =COMPLEX($B$72,0) -> 247.084651286898 | AG35: =IMSUM(COMPLEX(1,0),IMDIV(COMPLEX(0,2*PI()*O35),COMPLEX(wp_lf_DCM,0))) -> 1+0.235158856950887i | AH35: =IMABS(AG35) -> 1.0272778 | AI35: =IMARGUMENT(AG35) -> 0.2309625 | AJ35: =IMSUM(COMPLEX(1,0),IMDIV(COMPLEX(0,2*PI()*O35),COMPLEX(wz1_dcm,0))) -> 1+0.00152878273917752i | AK35: =IMABS(AJ35) -> 1.0000012 | AL35: =IMARGUMENT(AJ35) -> 0.0015287815 | AM35: =IMSUB(COMPLEX(1,0),IMDIV(COMPLEX(0,2*PI()*O35),COMPLEX(wz2_dcm,0))) -> 1-0.00151870164521342i | AN35: =IMABS(AM35) -> 1.0000012 | AO35: =IMARGUMENT(AM35) -> -0.0015187005 | AP35: =(IMDIV(IMPRODUCT(AF35,AJ35,AM35),IMPRODUCT(AG35))) -> 234.13804961925-55.0571452335862i | AQ35: =20*LOG(IMABS(AP35)) -> 47.623177 | AR35: =(180/PI())*IMARGUMENT(AP35) -> -13.232599 | AS35: =COMPLEX(Adc_ea,0) -> -0.0000166666666666667 | AT35: =COMPLEX(0,2*PI()*O35*wp0_ea) -> 3.15979411136995E-07i | AU35: =IMABS(AT35) -> 3.1597941e-07 | AV35: =IMARGUMENT(AT35) -> 1.5707963 | AW35: =IMSUM(COMPLEX(1,0),IMDIV(COMPLEX(0,2*PI()*O35),COMPLEX(wp1_ea,0))) -> 1+0.000321118176646835i | AX35: =IMABS(AW35) -> 1.0000001 | AY35: =IMARGUMENT(AW35) -> 0.00032111817 | AZ35: =IMSUM(COMPLEX(1,0),IMDIV(COMPLEX(0,2*PI()*O35),COMPLEX(wz_ea,0))) -> 1+0.0109180180059924i | BA35: =IMABS(AZ35) -> 1.0000596 | BB35: =IMARGUMENT(AZ35) -> 0.010917584 | BC35: =IMPRODUCT(AS35,IMDIV(AZ35,IMPRODUCT(AT35,AW35))) -> -0.55894457904158+52.7462321705534i | BD35: =20*LOG(IMABS(BC35)) -> 34.444316 | BE35: =(180/PI())*IMARGUMENT(BC35) -> 90.607133 | BF35: =IMPRODUCT(AC35,BC35) -> 207.497830187552+821.476481480874i | BG35: =20*LOG(IMABS(BF35)) -> 58.560512 | BH35: =(180/PI())*IMARGUMENT(BF35) -> 75.824104 | BI35: =IMPRODUCT(AP35,BC35) -> 2773.18677155657+12380.6738180433i | BJ35: =20*LOG(IMABS(BI35)) -> 82.067494 | BK35: =(180/PI())*IMARGUMENT(BI35) -> 77.374534 | BL35: =IF($B$31=0,BJ35,BG35) -> 58.560512 | BM35: =IF($B$31=0,BK35,BH35) -> 75.824104
A36: Kd | B36: =2+((VOUT*((VIN_var/VOUT)^2))/(IOUT_VAR*R_cs*Acs))*((1/Km)+(Kex/(VIN_var/VOUT))) -> 2.0182727 | E36: Slope compensation parameters. Will change pole and DC gain equation | N36: 18 | O36: =10^(1+(N36/100)) -> 15.135612 | P36: =COMPLEX(Adc,0) -> 16.5157725627975 | Q36: =IMSUM(COMPLEX(1,0),IMDIV(COMPLEX(0,2*PI()*O36),COMPLEX(wp_lf,0))) -> 1+0.246068127932482i | R36: =IMABS(Q36) -> 1.0298299 | S36: =IMARGUMENT(Q36) -> 0.24127467 | T36: =IMSUM(COMPLEX(1,0),IMDIV(COMPLEX(0,2*PI()*O36),COMPLEX(wz_esr,0))) -> 1+0.00156439266372013i | U36: =IMABS(T36) -> 1.0000012 | V36: =IMARGUMENT(T36) -> 0.0015643914 | W36: =IMSUB(COMPLEX(1,0),IMDIV(COMPLEX(0,2*PI()*O36),COMPLEX(wz_rhp,0))) -> 1-0.023774964494227i | X36: =IMABS(W36) -> 1.0002826 | Y36: =IMARGUMENT(W36) -> -0.023770486 | Z36: =IMSUM(COMPLEX(1,0),IMDIV(COMPLEX(0,2*PI()*O36),COMPLEX(Q*(wsl/2),0)),IMDIV(IMPOWER(COMPLEX(0,2*PI()*O36),2),IMPOWER(COMPLEX(wsl/2,0),2))) -> 0.999999995266802+0.000332849502919177i | AA36: =IMABS(Z36) -> 1.0000001 | AB36: =IMARGUMENT(Z36) -> 0.00033284949 | AC36: =(IMDIV(IMPRODUCT(P36,T36,W36),IMPRODUCT(Q36,Z36))) -> 15.4869206981303-4.18315976815902i | AD36: =20*LOG(IMABS(AC36)) -> 24.105133 | AE36: =(180/PI())*IMARGUMENT(AC36) -> -15.115407 | AF36: =COMPLEX($B$72,0) -> 247.084651286898 | AG36: =IMSUM(COMPLEX(1,0),IMDIV(COMPLEX(0,2*PI()*O36),COMPLEX(wp_lf_DCM,0))) -> 1+0.240636410390595i | AH36: =IMABS(AG36) -> 1.0285455 | AI36: =IMARGUMENT(AG36) -> 0.23614664 | AJ36: =IMSUM(COMPLEX(1,0),IMDIV(COMPLEX(0,2*PI()*O36),COMPLEX(wz1_dcm,0))) -> 1+0.00156439266372013i | AK36: =IMABS(AJ36) -> 1.0000012 | AL36: =IMARGUMENT(AJ36) -> 0.0015643914 | AM36: =IMSUB(COMPLEX(1,0),IMDIV(COMPLEX(0,2*PI()*O36),COMPLEX(wz2_dcm,0))) -> 1-0.00155407675091215i | AN36: =IMABS(AM36) -> 1.0000012 | AO36: =IMARGUMENT(AM36) -> -0.0015540755 | AP36: =(IMDIV(IMPRODUCT(AF36,AJ36,AM36),IMPRODUCT(AG36))) -> 233.56129269865-56.2008021774714i | AQ36: =20*LOG(IMABS(AP36)) -> 47.612466 | AR36: =(180/PI())*IMARGUMENT(AP36) -> -13.529615 | AS36: =COMPLEX(Adc_ea,0) -> -0.0000166666666666667 | AT36: =COMPLEX(0,2*PI()*O36*wp0_ea) -> 3.23339517121486E-07i | AU36: =IMABS(AT36) -> 3.2333952e-07 | AV36: =IMARGUMENT(AT36) -> 1.5707963 | AW36: =IMSUM(COMPLEX(1,0),IMDIV(COMPLEX(0,2*PI()*O36),COMPLEX(wp1_ea,0))) -> 1+0.00032859797985668i | AX36: =IMABS(AW36) -> 1.0000001 | AY36: =IMARGUMENT(AW36) -> 0.00032859797 | AZ36: =IMSUM(COMPLEX(1,0),IMDIV(COMPLEX(0,2*PI()*O36),COMPLEX(wz_ea,0))) -> 1+0.0111723313151271i | BA36: =IMABS(AZ36) -> 1.0000624 | BB36: =IMARGUMENT(AZ36) -> 0.011171867 | BC36: =IMPRODUCT(AS36,IMDIV(AZ36,IMPRODUCT(AT36,AW36))) -> -0.558944576325248+51.5455896086653i | BD36: =20*LOG(IMABS(BC36)) -> 34.244341 | BE36: =(180/PI())*IMARGUMENT(BC36) -> 90.621274 | BF36: =IMPRODUCT(AC36,BC36) -> 206.967106348805+800.620613072083i | BG36: =20*LOG(IMABS(BF36)) -> 58.349474 | BH36: =(180/PI())*IMARGUMENT(BF36) -> 75.505867 | BI36: =IMPRODUCT(AP36,BC36) -> 2766.3556669243+12070.4676754762i | BJ36: =20*LOG(IMABS(BI36)) -> 81.856807 | BK36: =(180/PI())*IMARGUMENT(BI36) -> 77.091659 | BL36: =IF($B$31=0,BJ36,BG36) -> 58.349474 | BM36: =IF($B$31=0,BK36,BH36) -> 75.505867
N37: 19 | O37: =10^(1+(N37/100)) -> 15.488166 | P37: =COMPLEX(Adc,0) -> 16.5157725627975 | Q37: =IMSUM(COMPLEX(1,0),IMDIV(COMPLEX(0,2*PI()*O37),COMPLEX(wp_lf,0))) -> 1+0.251799790936953i | R37: =IMABS(Q37) -> 1.0312144 | S37: =IMARGUMENT(Q37) -> 0.24667187 | T37: =IMSUM(COMPLEX(1,0),IMDIV(COMPLEX(0,2*PI()*O37),COMPLEX(wz_esr,0))) -> 1+0.00160083204996023i | U37: =IMABS(T37) -> 1.0000013 | V37: =IMARGUMENT(T37) -> 0.0016008307 | W37: =IMSUB(COMPLEX(1,0),IMDIV(COMPLEX(0,2*PI()*O37),COMPLEX(wz_rhp,0))) -> 1-0.0243287545586662i | X37: =IMABS(W37) -> 1.0002959 | Y37: =IMARGUMENT(W37) -> -0.024323956 | Z37: =IMSUM(COMPLEX(1,0),IMDIV(COMPLEX(0,2*PI()*O37),COMPLEX(Q*(wsl/2),0)),IMDIV(IMPOWER(COMPLEX(0,2*PI()*O37),2),IMPOWER(COMPLEX(wsl/2,0),2))) -> 0.999999995043734+0.000340602563821326i | AA37: =IMABS(Z37) -> 1.0000001 | AB37: =IMARGUMENT(Z37) -> 0.00034060255 | AC37: =(IMDIV(IMPRODUCT(P37,T37,W37),IMPRODUCT(Q37,Z37))) -> 15.4413234124307-4.26911669729885i | AD37: =20*LOG(IMABS(AC37)) -> 24.093579 | AE37: =(180/PI())*IMARGUMENT(AC37) -> -15.454711 | AF37: =COMPLEX($B$72,0) -> 247.084651286898 | AG37: =IMSUM(COMPLEX(1,0),IMDIV(COMPLEX(0,2*PI()*O37),COMPLEX(wp_lf_DCM,0))) -> 1+0.246241552440291i | AH37: =IMABS(AG37) -> 1.0298713 | AI37: =IMARGUMENT(AG37) -> 0.24143818 | AJ37: =IMSUM(COMPLEX(1,0),IMDIV(COMPLEX(0,2*PI()*O37),COMPLEX(wz1_dcm,0))) -> 1+0.00160083204996023i | AK37: =IMABS(AJ37) -> 1.0000013 | AL37: =IMARGUMENT(AJ37) -> 0.0016008307 | AM37: =IMSUB(COMPLEX(1,0),IMDIV(COMPLEX(0,2*PI()*O37),COMPLEX(wz2_dcm,0))) -> 1-0.00159027584867485i | AN37: =IMABS(AM37) -> 1.0000013 | AO37: =IMARGUMENT(AM37) -> -0.0015902745 | AP37: =(IMDIV(IMPRODUCT(AF37,AJ37,AM37),IMPRODUCT(AG37))) -> 232.960391998754-57.3619203075583i | AQ37: =20*LOG(IMABS(AP37)) -> 47.601278 | AR37: =(180/PI())*IMARGUMENT(AP37) -> -13.832784 | AS37: =COMPLEX(Adc_ea,0) -> -0.0000166666666666667 | AT37: =COMPLEX(0,2*PI()*O37*wp0_ea) -> 3.3087106199786E-07i | AU37: =IMABS(AT37) -> 3.3087106e-07 | AV37: =IMARGUMENT(AT37) -> 1.5707963 | AW37: =IMSUM(COMPLEX(1,0),IMDIV(COMPLEX(0,2*PI()*O37),COMPLEX(wp1_ea,0))) -> 1+0.000336252010064953i | AX37: =IMABS(AW37) -> 1.0000001 | AY37: =IMARGUMENT(AW37) -> 0.000336252 | AZ37: =IMSUM(COMPLEX(1,0),IMDIV(COMPLEX(0,2*PI()*O37),COMPLEX(wz_ea,0))) -> 1+0.0114325683422084i | BA37: =IMABS(AZ37) -> 1.0000653 | BB37: =IMARGUMENT(AZ37) -> 0.01143207 | BC37: =IMPRODUCT(AS37,IMDIV(AZ37,IMPRODUCT(AT37,AW37))) -> -0.558944573480901+50.3722772006738i | BD37: =20*LOG(IMABS(BC37)) -> 34.044366 | BE37: =(180/PI())*IMARGUMENT(BC37) -> 90.635744 | BF37: =IMPRODUCT(AC37,BC37) -> 206.414285749621+780.200822887725i | BG37: =20*LOG(IMABS(BF37)) -> 58.137945 | BH37: =(180/PI())*IMARGUMENT(BF37) -> 75.181032 | BI37: =IMPRODUCT(AP37,BC37) -> 2759.2386035516+11766.8075766192i | BJ37: =20*LOG(IMABS(BI37)) -> 81.645645 | BK37: =(180/PI())*IMARGUMENT(BI37) -> 76.802959 | BL37: =IF($B$31=0,BJ37,BG37) -> 58.137945 | BM37: =IF($B$31=0,BK37,BH37) -> 75.181032
A38: ADC | B38: =(Gcomp*(VIN_var/VOUT)*(VOUT/IOUT))/(Kd*R_cs*Acs/Np) -> 16.515773 | C38: V/V | E38: DC gain of the plant function | N38: 20 | O38: =10^(1+(N38/100)) -> 15.848932 | P38: =COMPLEX(Adc,0) -> 16.5157725627975 | Q38: =IMSUM(COMPLEX(1,0),IMDIV(COMPLEX(0,2*PI()*O38),COMPLEX(wp_lf,0))) -> 1+0.257664961523543i | R38: =IMABS(Q38) -> 1.0326622 | S38: =IMARGUMENT(Q38) -> 0.25217963 | T38: =IMSUM(COMPLEX(1,0),IMDIV(COMPLEX(0,2*PI()*O38),COMPLEX(wz_esr,0))) -> 1+0.00163812021854274i | U38: =IMABS(T38) -> 1.0000013 | V38: =IMARGUMENT(T38) -> 0.0016381188 | W38: =IMSUB(COMPLEX(1,0),IMDIV(COMPLEX(0,2*PI()*O38),COMPLEX(wz_rhp,0))) -> 1-0.0248954440508015i | X38: =IMABS(W38) -> 1.0003098 | Y38: =IMARGUMENT(W38) -> -0.024890303 | Z38: =IMSUM(COMPLEX(1,0),IMDIV(COMPLEX(0,2*PI()*O38),COMPLEX(Q*(wsl/2),0)),IMDIV(IMPOWER(COMPLEX(0,2*PI()*O38),2),IMPOWER(COMPLEX(wsl/2,0),2))) -> 0.999999994810152+0.000348536216711221i | AA38: =IMABS(Z38) -> 1.0000001 | AB38: =IMARGUMENT(Z38) -> 0.0003485362 | AC38: =(IMDIV(IMPRODUCT(P38,T38,W38),IMPRODUCT(Q38,Z38))) -> 15.3938387472602-4.35632207367704i | AD38: =20*LOG(IMABS(AC38)) -> 24.081514 | AE38: =(180/PI())*IMARGUMENT(AC38) -> -15.80105 | AF38: =COMPLEX($B$72,0) -> 247.084651286898 | AG38: =IMSUM(COMPLEX(1,0),IMDIV(COMPLEX(0,2*PI()*O38),COMPLEX(wp_lf_DCM,0))) -> 1+0.251977255020484i | AH38: =IMABS(AG38) -> 1.0312577 | AI38: =IMARGUMENT(AG38) -> 0.24683874 | AJ38: =IMSUM(COMPLEX(1,0),IMDIV(COMPLEX(0,2*PI()*O38),COMPLEX(wz1_dcm,0))) -> 1+0.00163812021854274i | AK38: =IMABS(AJ38) -> 1.0000013 | AL38: =IMARGUMENT(AJ38) -> 0.0016381188 | AM38: =IMSUB(COMPLEX(1,0),IMDIV(COMPLEX(0,2*PI()*O38),COMPLEX(wz2_dcm,0))) -> 1-0.0016273181317423i | AN38: =IMABS(AM38) -> 1.0000013 | AO38: =IMARGUMENT(AM38) -> -0.0016273167 | AP38: =(IMDIV(IMPRODUCT(AF38,AJ38,AM38),IMPRODUCT(AG38))) -> 232.334477091638-58.5403347543202i | AQ38: =20*LOG(IMABS(AP38)) -> 47.589594 | AR38: =(180/PI())*IMARGUMENT(AP38) -> -14.142199 | AS38: =COMPLEX(Adc_ea,0) -> -0.0000166666666666667 | AT38: =COMPLEX(0,2*PI()*O38*wp0_ea) -> 3.38578039090901E-07i | AU38: =IMABS(AT38) -> 3.3857804e-07 | AV38: =IMARGUMENT(AT38) -> 1.5707963 | AW38: =IMSUM(COMPLEX(1,0),IMDIV(COMPLEX(0,2*PI()*O38),COMPLEX(wp1_ea,0))) -> 1+0.000344084325539784i | AX38: =IMABS(AW38) -> 1.0000001 | AY38: =IMARGUMENT(AW38) -> 0.00034408431 | AZ38: =IMSUM(COMPLEX(1,0),IMDIV(COMPLEX(0,2*PI()*O38),COMPLEX(wz_ea,0))) -> 1+0.0116988670683527i | BA38: =IMABS(AZ38) -> 1.0000684 | BB38: =IMARGUMENT(AZ38) -> 0.011698333 | BC38: =IMPRODUCT(AS38,IMDIV(AZ38,IMPRODUCT(AT38,AW38))) -> -0.558944570502508+49.2256728408101i | BD38: =20*LOG(IMABS(BC38)) -> 33.844393 | BE38: =(180/PI())*IMARGUMENT(BC38) -> 90.650551 | BF38: =IMPRODUCT(AC38,BC38) -> 205.838582601053+760.207012507258i | BG38: =20*LOG(IMABS(BF38)) -> 57.925907 | BH38: =(180/PI())*IMARGUMENT(BF38) -> 74.8495 | BI38: =IMPRODUCT(AP38,BC38) -> 2751.82527209676+11469.54176122i | BJ38: =20*LOG(IMABS(BI38)) -> 81.433987 | BK38: =(180/PI())*IMARGUMENT(BI38) -> 76.508351 | BL38: =IF($B$31=0,BJ38,BG38) -> 57.925907 | BM38: =IF($B$31=0,BK38,BH38) -> 74.8495
A39: wp_lf | B39: =Kd/(Cout*(VOUT/IOUT_VAR)) -> 386.47776 | C39: Rad | E39: Low Frequency Pole | N39: 21 | O39: =10^(1+(N39/100)) -> 16.218101 | P39: =COMPLEX(Adc,0) -> 16.5157725627975 | Q39: =IMSUM(COMPLEX(1,0),IMDIV(COMPLEX(0,2*PI()*O39),COMPLEX(wp_lf,0))) -> 1+0.263666749483331i | R39: =IMABS(Q39) -> 1.0341761 | S39: =IMARGUMENT(Q39) -> 0.25779955 | T39: =IMSUM(COMPLEX(1,0),IMDIV(COMPLEX(0,2*PI()*O39),COMPLEX(wz_esr,0))) -> 1+0.0016762769401482i | U39: =IMABS(T39) -> 1.0000014 | V39: =IMARGUMENT(T39) -> 0.0016762754 | W39: =IMSUB(COMPLEX(1,0),IMDIV(COMPLEX(0,2*PI()*O39),COMPLEX(wz_rhp,0))) -> 1-0.0254753334369028i | X39: =IMABS(W39) -> 1.0003244 | Y39: =IMARGUMENT(W39) -> -0.025469824 | Z39: =IMSUM(COMPLEX(1,0),IMDIV(COMPLEX(0,2*PI()*O39),COMPLEX(Q*(wsl/2),0)),IMDIV(IMPOWER(COMPLEX(0,2*PI()*O39),2),IMPOWER(COMPLEX(wsl/2,0),2))) -> 0.999999994565562+0.000356654668116638i | AA39: =IMABS(Z39) -> 1.0000001 | AB39: =IMARGUMENT(Z39) -> 0.00035665465 | AC39: =(IMDIV(IMPRODUCT(P39,T39,W39),IMPRODUCT(Q39,Z39))) -> 15.3444005820128-4.44475865891679i | AD39: =20*LOG(IMABS(AC39)) -> 24.068917 | AE39: =(180/PI())*IMARGUMENT(AC39) -> -16.154531 | AF39: =COMPLEX($B$72,0) -> 247.084651286898 | AG39: =IMSUM(COMPLEX(1,0),IMDIV(COMPLEX(0,2*PI()*O39),COMPLEX(wp_lf_DCM,0))) -> 1+0.257846559276601i | AH39: =IMABS(AG39) -> 1.0327075 | AI39: =IMARGUMENT(AG39) -> 0.25234992 | AJ39: =IMSUM(COMPLEX(1,0),IMDIV(COMPLEX(0,2*PI()*O39),COMPLEX(wz1_dcm,0))) -> 1+0.0016762769401482i | AK39: =IMABS(AJ39) -> 1.0000014 | AL39: =IMARGUMENT(AJ39) -> 0.0016762754 | AM39: =IMSUB(COMPLEX(1,0),IMDIV(COMPLEX(0,2*PI()*O39),COMPLEX(wz2_dcm,0))) -> 1-0.0016652232404233i | AN39: =IMABS(AM39) -> 1.0000014 | AO39: =IMARGUMENT(AM39) -> -0.0016652217 | AP39: =(IMDIV(IMPRODUCT(AF39,AJ39,AM39),IMPRODUCT(AG39))) -> 231.682658836049-59.7358452253879i | AQ39: =20*LOG(IMABS(AP39)) -> 47.577393 | AR39: =(180/PI())*IMARGUMENT(AP39) -> -14.457952 | AS39: =COMPLEX(Adc_ea,0) -> -0.0000166666666666667 | AT39: =COMPLEX(0,2*PI()*O39*wp0_ea) -> 3.46464534741878E-07i | AU39: =IMABS(AT39) -> 3.4646453e-07 | AV39: =IMARGUMENT(AT39) -> 1.5707963 | AW39: =IMSUM(COMPLEX(1,0),IMDIV(COMPLEX(0,2*PI()*O39),COMPLEX(wp1_ea,0))) -> 1+0.00035209907907851i | AX39: =IMABS(AW39) -> 1.0000001 | AY39: =IMARGUMENT(AW39) -> 0.00035209906 | AZ39: =IMSUM(COMPLEX(1,0),IMDIV(COMPLEX(0,2*PI()*O39),COMPLEX(wz_ea,0))) -> 1+0.0119713686886693i | BA39: =IMABS(AZ39) -> 1.0000717 | BB39: =IMARGUMENT(AZ39) -> 0.011970797 | BC39: =IMPRODUCT(AS39,IMDIV(AZ39,IMPRODUCT(AT39,AW39))) -> -0.558944567383738+48.1051685842653i | BD39: =20*LOG(IMABS(BC39)) -> 33.644421 | BE39: =(180/PI())*IMARGUMENT(BC39) -> 90.665702 | BF39: =IMPRODUCT(AC39,BC39) -> 205.239195258489+740.629350527958i | BG39: =20*LOG(IMABS(BF39)) -> 57.713339 | BH39: =(180/PI())*IMARGUMENT(BF39) -> 74.511171 | BI39: =IMPRODUCT(AP39,BC39) -> 2744.10514157743+11178.5223875258i | BJ39: =20*LOG(IMABS(BI39)) -> 81.221814 | BK39: =(180/PI())*IMARGUMENT(BI39) -> 76.20775 | BL39: =IF($B$31=0,BJ39,BG39) -> 57.713339 | BM39: =IF($B$31=0,BK39,BH39) -> 74.511171
B40: =wp_lf/(2*PI()) -> 61.509845 | C40: Hz | N40: 22 | O40: =10^(1+(N40/100)) -> 16.595869 | P40: =COMPLEX(Adc,0) -> 16.5157725627975 | Q40: =IMSUM(COMPLEX(1,0),IMDIV(COMPLEX(0,2*PI()*O40),COMPLEX(wp_lf,0))) -> 1+0.269808337043739i | R40: =IMABS(Q40) -> 1.0357589 | S40: =IMARGUMENT(Q40) -> 0.26353319 | T40: =IMSUM(COMPLEX(1,0),IMDIV(COMPLEX(0,2*PI()*O40),COMPLEX(wz_esr,0))) -> 1+0.00171532244597549i | U40: =IMABS(T40) -> 1.0000015 | V40: =IMARGUMENT(T40) -> 0.0017153208 | W40: =IMSUB(COMPLEX(1,0),IMDIV(COMPLEX(0,2*PI()*O40),COMPLEX(wz_rhp,0))) -> 1-0.0260687301819983i | X40: =IMABS(W40) -> 1.0003397 | Y40: =IMARGUMENT(W40) -> -0.026062827 | Z40: =IMSUM(COMPLEX(1,0),IMDIV(COMPLEX(0,2*PI()*O40),COMPLEX(Q*(wsl/2),0)),IMDIV(IMPOWER(COMPLEX(0,2*PI()*O40),2),IMPOWER(COMPLEX(wsl/2,0),2))) -> 0.999999994309445+0.000364962222547975i | AA40: =IMABS(Z40) -> 1.0000001 | AB40: =IMARGUMENT(Z40) -> 0.00036496221 | AC40: =(IMDIV(IMPRODUCT(P40,T40,W40),IMPRODUCT(Q40,Z40))) -> 15.2929415575536-4.53440632402329i | AD40: =20*LOG(IMABS(AC40)) -> 24.055767 | AE40: =(180/PI())*IMARGUMENT(AC40) -> -16.515259 | AF40: =COMPLEX($B$72,0) -> 247.084651286898 | AG40: =IMSUM(COMPLEX(1,0),IMDIV(COMPLEX(0,2*PI()*O40),COMPLEX(wp_lf_DCM,0))) -> 1+0.263852577191451i | AH40: =IMABS(AG40) -> 1.0342235 | AI40: =IMARGUMENT(AG40) -> 0.25797329 | AJ40: =IMSUM(COMPLEX(1,0),IMDIV(COMPLEX(0,2*PI()*O40),COMPLEX(wz1_dcm,0))) -> 1+0.00171532244597549i | AK40: =IMABS(AJ40) -> 1.0000015 | AL40: =IMARGUMENT(AJ40) -> 0.0017153208 | AM40: =IMSUB(COMPLEX(1,0),IMDIV(COMPLEX(0,2*PI()*O40),COMPLEX(wz2_dcm,0))) -> 1-0.00170401127250822i | AN40: =IMABS(AM40) -> 1.0000015 | AO40: =IMARGUMENT(AM40) -> -0.0017040096 | AP40: =(IMDIV(IMPRODUCT(AF40,AJ40,AM40),IMPRODUCT(AG40))) -> 231.004030187825-60.9482138893175i | AQ40: =20*LOG(IMABS(AP40)) -> 47.564653 | AR40: =(180/PI())*IMARGUMENT(AP40) -> -14.780133 | AS40: =COMPLEX(Adc_ea,0) -> -0.0000166666666666667 | AT40: =COMPLEX(0,2*PI()*O40*wp0_ea) -> 3.54534730475176E-07i | AU40: =IMABS(AT40) -> 3.5453473e-07 | AV40: =IMARGUMENT(AT40) -> 1.5707963 | AW40: =IMSUM(COMPLEX(1,0),IMDIV(COMPLEX(0,2*PI()*O40),COMPLEX(wp1_ea,0))) -> 1+0.000360300520209548i | AX40: =IMABS(AW40) -> 1.0000001 | AY40: =IMARGUMENT(AW40) -> 0.0003603005 | AZ40: =IMSUM(COMPLEX(1,0),IMDIV(COMPLEX(0,2*PI()*O40),COMPLEX(wz_ea,0))) -> 1+0.0122502176871246i | BA40: =IMABS(AZ40) -> 1.000075 | BB40: =IMARGUMENT(AZ40) -> 0.012249605 | BC40: =IMPRODUCT(AS40,IMDIV(AZ40,IMPRODUCT(AT40,AW40))) -> -0.558944564117994+47.0101703248508i | BD40: =20*LOG(IMABS(BC40)) -> 33.44445 | BE40: =(180/PI())*IMARGUMENT(BC40) -> 90.681207 | BF40: =IMPRODUCT(AC40,BC40) -> 204.615307061447+721.458269154899i | BG40: =20*LOG(IMABS(BF40)) -> 57.500217 | BH40: =(180/PI())*IMARGUMENT(BF40) -> 74.165947 | BI40: =IMPRODUCT(AP40,BC40) -> 2736.06746896942+10893.6054777028i | BJ40: =20*LOG(IMABS(BI40)) -> 81.009103 | BK40: =(180/PI())*IMARGUMENT(BI40) -> 75.901074 | BL40: =IF($B$31=0,BJ40,BG40) -> 57.500217 | BM40: =IF($B$31=0,BK40,BH40) -> 74.165947
C41: dB | E41: Gain of open loop at wp_Lf | N41: 23 | O41: =10^(1+(N41/100)) -> 16.982437 | P41: =COMPLEX(Adc,0) -> 16.5157725627975 | Q41: =IMSUM(COMPLEX(1,0),IMDIV(COMPLEX(0,2*PI()*O41),COMPLEX(wp_lf,0))) -> 1+0.276092980555781i | R41: =IMABS(Q41) -> 1.0374138 | S41: =IMARGUMENT(Q41) -> 0.26938206 | T41: =IMSUM(COMPLEX(1,0),IMDIV(COMPLEX(0,2*PI()*O41),COMPLEX(wz_esr,0))) -> 1+0.00175527743846859i | U41: =IMABS(T41) -> 1.0000015 | V41: =IMARGUMENT(T41) -> 0.0017552756 | W41: =IMSUB(COMPLEX(1,0),IMDIV(COMPLEX(0,2*PI()*O41),COMPLEX(wz_rhp,0))) -> 1-0.0266759489128965i | X41: =IMABS(W41) -> 1.0003557 | Y41: =IMARGUMENT(W41) -> -0.026669624 | Z41: =IMSUM(COMPLEX(1,0),IMDIV(COMPLEX(0,2*PI()*O41),COMPLEX(Q*(wsl/2),0)),IMDIV(IMPOWER(COMPLEX(0,2*PI()*O41),2),IMPOWER(COMPLEX(wsl/2,0),2))) -> 0.999999994041257+0.000373463284780551i | AA41: =IMABS(Z41) -> 1.0000001 | AB41: =IMARGUMENT(Z41) -> 0.00037346327 | AC41: =(IMDIV(IMPRODUCT(P41,T41,W41),IMPRODUCT(Q41,Z41))) -> 15.2393931566975-4.62524188842007i | AD41: =20*LOG(IMABS(AC41)) -> 24.04204 | AE41: =(180/PI())*IMARGUMENT(AC41) -> -16.88334 | AF41: =COMPLEX($B$72,0) -> 247.084651286898 | AG41: =IMSUM(COMPLEX(1,0),IMDIV(COMPLEX(0,2*PI()*O41),COMPLEX(wp_lf_DCM,0))) -> 1+0.269998493235227i | AH41: =IMABS(AG41) -> 1.0358085 | AI41: =IMARGUMENT(AG41) -> 0.26371043 | AJ41: =IMSUM(COMPLEX(1,0),IMDIV(COMPLEX(0,2*PI()*O41),COMPLEX(wz1_dcm,0))) -> 1+0.00175527743846859i | AK41: =IMABS(AJ41) -> 1.0000015 | AL41: =IMARGUMENT(AJ41) -> 0.0017552756 | AM41: =IMSUB(COMPLEX(1,0),IMDIV(COMPLEX(0,2*PI()*O41),COMPLEX(wz2_dcm,0))) -> 1-0.00174370279392506i | AN41: =IMABS(AM41) -> 1.0000015 | AO41: =IMARGUMENT(AM41) -> -0.001743701 | AP41: =(IMDIV(IMPRODUCT(AF41,AJ41,AM41),IMPRODUCT(AG41))) -> 230.297667154096-62.1771632101829i | AQ41: =20*LOG(IMABS(AP41)) -> 47.551353 | AR41: =(180/PI())*IMARGUMENT(AP41) -> -15.108831 | AS41: =COMPLEX(Adc_ea,0) -> -0.0000166666666666667 | AT41: =COMPLEX(0,2*PI()*O41*wp0_ea) -> 3.62792905215393E-07i | AU41: =IMABS(AT41) -> 3.6279291e-07 | AV41: =IMARGUMENT(AT41) -> 1.5707963 | AW41: =IMSUM(COMPLEX(1,0),IMDIV(COMPLEX(0,2*PI()*O41),COMPLEX(wp1_ea,0))) -> 1+0.000368692997445539i | AX41: =IMABS(AW41) -> 1.0000001 | AY41: =IMARGUMENT(AW41) -> 0.00036869298 | AZ41: =IMSUM(COMPLEX(1,0),IMDIV(COMPLEX(0,2*PI()*O41),COMPLEX(wz_ea,0))) -> 1+0.0125355619131483i | BA41: =IMABS(AZ41) -> 1.0000786 | BB41: =IMARGUMENT(AZ41) -> 0.012534905 | BC41: =IMPRODUCT(AS41,IMDIV(AZ41,IMPRODUCT(AT41,AW41))) -> -0.558944560698336+45.9400974799958i | BD41: =20*LOG(IMABS(BC41)) -> 33.244481 | BE41: =(180/PI())*IMARGUMENT(BC41) -> 90.697073 | BF41: =IMPRODUCT(AC41,BC41) -> 203.966087309298+702.684460950111i | BG41: =20*LOG(IMABS(BF41)) -> 57.286521 | BH41: =(180/PI())*IMARGUMENT(BF41) -> 73.813733 | BI41: =IMPRODUCT(AP41,BC41) -> 2727.70131050811+10614.6508656508i | BJ41: =20*LOG(IMABS(BI41)) -> 80.795834 | BK41: =(180/PI())*IMARGUMENT(BI41) -> 75.588241 | BL41: =IF($B$31=0,BJ41,BG41) -> 57.286521 | BM41: =IF($B$31=0,BK41,BH41) -> 73.813733
A42: wz_rhp | B42: =((VOUT/IOUT)*((VIN_var/VOUT)^2))/(Lm) -> 4000 | C42: Rad | E42: RHPz zero of boost converter | N42: 24 | O42: =10^(1+(N42/100)) -> 17.378008 | P42: =COMPLEX(Adc,0) -> 16.5157725627975 | Q42: =IMSUM(COMPLEX(1,0),IMDIV(COMPLEX(0,2*PI()*O42),COMPLEX(wp_lf,0))) -> 1+0.282524012220638i | R42: =IMABS(Q42) -> 1.0391438 | S42: =IMARGUMENT(Q42) -> 0.27534768 | T42: =IMSUM(COMPLEX(1,0),IMDIV(COMPLEX(0,2*PI()*O42),COMPLEX(wz_esr,0))) -> 1+0.00179616310229343i | U42: =IMABS(T42) -> 1.0000016 | V42: =IMARGUMENT(T42) -> 0.0017961612 | W42: =IMSUB(COMPLEX(1,0),IMDIV(COMPLEX(0,2*PI()*O42),COMPLEX(wz_rhp,0))) -> 1-0.0272973115850065i | X42: =IMABS(W42) -> 1.0003725 | Y42: =IMARGUMENT(W42) -> -0.027290534 | Z42: =IMSUM(COMPLEX(1,0),IMDIV(COMPLEX(0,2*PI()*O42),COMPLEX(Q*(wsl/2),0)),IMDIV(IMPOWER(COMPLEX(0,2*PI()*O42),2),IMPOWER(COMPLEX(wsl/2,0),2))) -> 0.99999999376043+0.000382162362190091i | AA42: =IMABS(Z42) -> 1.0000001 | AB42: =IMARGUMENT(Z42) -> 0.00038216235 | AC42: =(IMDIV(IMPRODUCT(P42,T42,W42),IMPRODUCT(Q42,Z42))) -> 15.183685796657-4.71723895639493i | AD42: =20*LOG(IMABS(AC42)) -> 24.027713 | AE42: =(180/PI())*IMARGUMENT(AC42) -> -17.258876 | AF42: =COMPLEX($B$72,0) -> 247.084651286898 | AG42: =IMSUM(COMPLEX(1,0),IMDIV(COMPLEX(0,2*PI()*O42),COMPLEX(wp_lf_DCM,0))) -> 1+0.276287566053972i | AH42: =IMABS(AG42) -> 1.0374656 | AI42: =IMARGUMENT(AG42) -> 0.26956286 | AJ42: =IMSUM(COMPLEX(1,0),IMDIV(COMPLEX(0,2*PI()*O42),COMPLEX(wz1_dcm,0))) -> 1+0.00179616310229343i | AK42: =IMABS(AJ42) -> 1.0000016 | AL42: =IMARGUMENT(AJ42) -> 0.0017961612 | AM42: =IMSUB(COMPLEX(1,0),IMDIV(COMPLEX(0,2*PI()*O42),COMPLEX(wz2_dcm,0))) -> 1-0.0017843188496439i | AN42: =IMABS(AM42) -> 1.0000016 | AO42: =IMARGUMENT(AM42) -> -0.001784317 | AP42: =(IMDIV(IMPRODUCT(AF42,AJ42,AM42),IMPRODUCT(AG42))) -> 229.562629901511-63.4223737394017i | AQ42: =20*LOG(IMABS(AP42)) -> 47.537469 | AR42: =(180/PI())*IMARGUMENT(AP42) -> -15.444135 | AS42: =COMPLEX(Adc_ea,0) -> -0.0000166666666666667 | AT42: =COMPLEX(0,2*PI()*O42*wp0_ea) -> 3.71243437556088E-07i | AU42: =IMABS(AT42) -> 3.7124344e-07 | AV42: =IMARGUMENT(AT42) -> 1.5707963 | AW42: =IMSUM(COMPLEX(1,0),IMDIV(COMPLEX(0,2*PI()*O42),COMPLEX(wp1_ea,0))) -> 1+0.000377280960589007i | AX42: =IMABS(AW42) -> 1.0000001 | AY42: =IMARGUMENT(AW42) -> 0.00037728094 | AZ42: =IMSUM(COMPLEX(1,0),IMDIV(COMPLEX(0,2*PI()*O42),COMPLEX(wz_ea,0))) -> 1+0.0128275526600263i | BA42: =IMABS(AZ42) -> 1.0000823 | BB42: =IMARGUMENT(AZ42) -> 0.012826849 | BC42: =IMPRODUCT(AS42,IMDIV(AZ42,IMPRODUCT(AT42,AW42))) -> -0.55894455711752+44.8943826829136i | BD42: =20*LOG(IMABS(BC42)) -> 33.044513 | BE42: =(180/PI())*IMARGUMENT(BC42) -> 90.713308 | BF42: =IMPRODUCT(AC42,BC42) -> 203.290692382118+684.298875731539i | BG42: =20*LOG(IMABS(BF42)) -> 57.072226 | BH42: =(180/PI())*IMARGUMENT(BF42) -> 73.454431 | BI42: =IMPRODUCT(AP42,BC42) -> 2718.99553481444+10341.5221470956i | BJ42: =20*LOG(IMABS(BI42)) -> 80.581983 | BK42: =(180/PI())*IMARGUMENT(BI42) -> 75.269172 | BL42: =IF($B$31=0,BJ42,BG42) -> 57.072226 | BM42: =IF($B$31=0,BK42,BH42) -> 73.454431
B43: =wz_rhp/(2*PI()) -> 636.61977 | C43: Hz | N43: 25 | O43: =10^(1+(N43/100)) -> 17.782794 | P43: =COMPLEX(Adc,0) -> 16.5157725627975 | Q43: =IMSUM(COMPLEX(1,0),IMDIV(COMPLEX(0,2*PI()*O43),COMPLEX(wp_lf,0))) -> 1+0.289104841856419i | R43: =IMABS(Q43) -> 1.0409523 | S43: =IMARGUMENT(Q43) -> 0.28143151 | T43: =IMSUM(COMPLEX(1,0),IMDIV(COMPLEX(0,2*PI()*O43),COMPLEX(wz_esr,0))) -> 1+0.00183800111557011i | U43: =IMABS(T43) -> 1.0000017 | V43: =IMARGUMENT(T43) -> 0.001837999 | W43: =IMSUB(COMPLEX(1,0),IMDIV(COMPLEX(0,2*PI()*O43),COMPLEX(wz_rhp,0))) -> 1-0.0279331476530412i | X43: =IMABS(W43) -> 1.0003901 | Y43: =IMARGUMENT(W43) -> -0.027925886 | Z43: =IMSUM(COMPLEX(1,0),IMDIV(COMPLEX(0,2*PI()*O43),COMPLEX(Q*(wsl/2),0)),IMDIV(IMPOWER(COMPLEX(0,2*PI()*O43),2),IMPOWER(COMPLEX(wsl/2,0),2))) -> 0.999999993466368+0.000391064067142577i | AA43: =IMABS(Z43) -> 1.0000001 | AB43: =IMARGUMENT(Z43) -> 0.00039106405 | AC43: =(IMDIV(IMPRODUCT(P43,T43,W43),IMPRODUCT(Q43,Z43))) -> 15.1257489342213-4.81036775158453i | AD43: =20*LOG(IMABS(AC43)) -> 24.012763 | AE43: =(180/PI())*IMARGUMENT(AC43) -> -17.64197 | AF43: =COMPLEX($B$72,0) -> 247.084651286898 | AG43: =IMSUM(COMPLEX(1,0),IMDIV(COMPLEX(0,2*PI()*O43),COMPLEX(wp_lf_DCM,0))) -> 1+0.282723130197334i | AH43: =IMABS(AG43) -> 1.0391979 | AI43: =IMARGUMENT(AG43) -> 0.27553207 | AJ43: =IMSUM(COMPLEX(1,0),IMDIV(COMPLEX(0,2*PI()*O43),COMPLEX(wz1_dcm,0))) -> 1+0.00183800111557011i | AK43: =IMABS(AJ43) -> 1.0000017 | AL43: =IMARGUMENT(AJ43) -> 0.001837999 | AM43: =IMSUB(COMPLEX(1,0),IMDIV(COMPLEX(0,2*PI()*O43),COMPLEX(wz2_dcm,0))) -> 1-0.00182588097483505i | AN43: =IMABS(AM43) -> 1.0000017 | AO43: =IMARGUMENT(AM43) -> -0.0018258789 | AP43: =(IMDIV(IMPRODUCT(AF43,AJ43,AM43),IMPRODUCT(AG43))) -> 228.797964028896-64.6834818722793i | AQ43: =20*LOG(IMABS(AP43)) -> 47.522979 | AR43: =(180/PI())*IMARGUMENT(AP43) -> -15.78613 | AS43: =COMPLEX(Adc_ea,0) -> -0.0000166666666666667 | AT43: =COMPLEX(0,2*PI()*O43*wp0_ea) -> 3.79890808081363E-07i | AU43: =IMABS(AT43) -> 3.7989081e-07 | AV43: =IMARGUMENT(AT43) -> 1.5707963 | AW43: =IMSUM(COMPLEX(1,0),IMDIV(COMPLEX(0,2*PI()*O43),COMPLEX(wp1_ea,0))) -> 1+0.000386068963091681i | AX43: =IMABS(AW43) -> 1.0000001 | AY43: =IMARGUMENT(AW43) -> 0.00038606894 | AZ43: =IMSUM(COMPLEX(1,0),IMDIV(COMPLEX(0,2*PI()*O43),COMPLEX(wz_ea,0))) -> 1+0.0131263447451171i | BA43: =IMABS(AZ43) -> 1.0000861 | BB43: =IMARGUMENT(AZ43) -> 0.013125591 | BC43: =IMPRODUCT(AS43,IMDIV(AZ43,IMPRODUCT(AT43,AW43))) -> -0.558944553367933+43.8724714817771i | BD43: =20*LOG(IMABS(BC43)) -> 32.844547 | BE43: =(180/PI())*IMARGUMENT(BC43) -> 90.729921 | BF43: =IMPRODUCT(AC43,BC43) -> 202.588267015859+666.292717611589i | BG43: =20*LOG(IMABS(BF43)) -> 56.85731 | BH43: =(180/PI())*IMARGUMENT(BF43) -> 73.087951 | BI43: =IMPRODUCT(AP43,BC43) -> 2709.938837968+10074.0866318318i | BJ43: =20*LOG(IMABS(BI43)) -> 80.367526 | BK43: =(180/PI())*IMARGUMENT(BI43) -> 74.94379 | BL43: =IF($B$31=0,BJ43,BG43) -> 56.85731 | BM43: =IF($B$31=0,BK43,BH43) -> 73.087951
N44: 26 | O44: =10^(1+(N44/100)) -> 18.197009 | P44: =COMPLEX(Adc,0) -> 16.5157725627975 | Q44: =IMSUM(COMPLEX(1,0),IMDIV(COMPLEX(0,2*PI()*O44),COMPLEX(wp_lf,0))) -> 1+0.29583895870611i | R44: =IMABS(Q44) -> 1.0428426 | S44: =IMARGUMENT(Q44) -> 0.28763497 | T44: =IMSUM(COMPLEX(1,0),IMDIV(COMPLEX(0,2*PI()*O44),COMPLEX(wz_esr,0))) -> 1+0.00188081366136711i | U44: =IMABS(T44) -> 1.0000018 | V44: =IMARGUMENT(T44) -> 0.0018808114 | W44: =IMSUB(COMPLEX(1,0),IMDIV(COMPLEX(0,2*PI()*O44),COMPLEX(wz_rhp,0))) -> 1-0.0285837942457008i | X44: =IMABS(W44) -> 1.0004084 | Y44: =IMARGUMENT(W44) -> -0.028576013 | Z44: =IMSUM(COMPLEX(1,0),IMDIV(COMPLEX(0,2*PI()*O44),COMPLEX(Q*(wsl/2),0)),IMDIV(IMPOWER(COMPLEX(0,2*PI()*O44),2),IMPOWER(COMPLEX(wsl/2,0),2))) -> 0.999999993158448+0.00040017311943981i | AA44: =IMABS(Z44) -> 1.0000001 | AB44: =IMARGUMENT(Z44) -> 0.0004001731 | AC44: =(IMDIV(IMPRODUCT(P44,T44,W44),IMPRODUCT(Q44,Z44))) -> 15.0655111844227-4.90459495021996i | AD44: =20*LOG(IMABS(AC44)) -> 23.997164 | AE44: =(180/PI())*IMARGUMENT(AC44) -> -18.03272 | AF44: =COMPLEX($B$72,0) -> 247.084651286898 | AG44: =IMSUM(COMPLEX(1,0),IMDIV(COMPLEX(0,2*PI()*O44),COMPLEX(wp_lf_DCM,0))) -> 1+0.289308597886611i | AH44: =IMABS(AG44) -> 1.0410089 | AI44: =IMARGUMENT(AG44) -> 0.28161954 | AJ44: =IMSUM(COMPLEX(1,0),IMDIV(COMPLEX(0,2*PI()*O44),COMPLEX(wz1_dcm,0))) -> 1+0.00188081366136711i | AK44: =IMABS(AJ44) -> 1.0000018 | AL44: =IMARGUMENT(AJ44) -> 0.0018808114 | AM44: =IMSUB(COMPLEX(1,0),IMDIV(COMPLEX(0,2*PI()*O44),COMPLEX(wz2_dcm,0))) -> 1-0.00186841120628746i | AN44: =IMABS(AM44) -> 1.0000017 | AO44: =IMARGUMENT(AM44) -> -0.001868409 | AP44: =(IMDIV(IMPRODUCT(AF44,AJ44,AM44),IMPRODUCT(AG44))) -> 228.002702014734-65.9600775779531i | AQ44: =20*LOG(IMABS(AP44)) -> 47.507857 | AR44: =(180/PI())*IMARGUMENT(AP44) -> -16.1349 | AS44: =COMPLEX(Adc_ea,0) -> -0.0000166666666666667 | AT44: =COMPLEX(0,2*PI()*O44*wp0_ea) -> 3.88739601741531E-07i | AU44: =IMABS(AT44) -> 3.887396e-07 | AV44: =IMARGUMENT(AT44) -> 1.5707963 | AW44: =IMSUM(COMPLEX(1,0),IMDIV(COMPLEX(0,2*PI()*O44),COMPLEX(wp1_ea,0))) -> 1+0.000395061664468815i | AX44: =IMABS(AW44) -> 1.0000001 | AY44: =IMARGUMENT(AW44) -> 0.00039506164 | AZ44: =IMSUM(COMPLEX(1,0),IMDIV(COMPLEX(0,2*PI()*O44),COMPLEX(wz_ea,0))) -> 1+0.0134320965919397i | BA44: =IMABS(AZ44) -> 1.0000902 | BB44: =IMARGUMENT(AZ44) -> 0.013431289 | BC44: =IMPRODUCT(AS44,IMDIV(AZ44,IMPRODUCT(AT44,AW44))) -> -0.558944549441646+42.8738220457409i | BD44: =20*LOG(IMABS(BC44)) -> 32.644582 | BE44: =(180/PI())*IMARGUMENT(BC44) -> 90.746921 | BF44: =IMPRODUCT(AC44,BC44) -> 201.857945741085+648.657442163703i | BG44: =20*LOG(IMABS(BF44)) -> 56.641746 | BH44: =(180/PI())*IMARGUMENT(BF44) -> 72.714201 | BI44: =IMPRODUCT(AP44,BC44) -> 2700.51976065132+9812.21529797074i | BJ44: =20*LOG(IMABS(BI44)) -> 80.152439 | BK44: =(180/PI())*IMARGUMENT(BI44) -> 74.61202 | BL44: =IF($B$31=0,BJ44,BG44) -> 56.641746 | BM44: =IF($B$31=0,BK44,BH44) -> 72.714201
A45: wz_esr | B45: =1/(Cout*Resr) -> 60790.274 | C45: Rad | E45: ESR zero cause by output capacitance | N45: 27 | O45: =10^(1+(N45/100)) -> 18.620871 | P45: =COMPLEX(Adc,0) -> 16.5157725627975 | Q45: =IMSUM(COMPLEX(1,0),IMDIV(COMPLEX(0,2*PI()*O45),COMPLEX(wp_lf,0))) -> 1+0.302729933287598i | R45: =IMABS(Q45) -> 1.0448184 | S45: =IMARGUMENT(Q45) -> 0.29395943 | T45: =IMSUM(COMPLEX(1,0),IMDIV(COMPLEX(0,2*PI()*O45),COMPLEX(wz_esr,0))) -> 1+0.00192462343946287i | U45: =IMABS(T45) -> 1.0000019 | V45: =IMARGUMENT(T45) -> 0.0019246211 | W45: =IMSUB(COMPLEX(1,0),IMDIV(COMPLEX(0,2*PI()*O45),COMPLEX(wz_rhp,0))) -> 1-0.0292495963444205i | X45: =IMABS(W45) -> 1.0004277 | Y45: =IMARGUMENT(W45) -> -0.029241259 | Z45: =IMSUM(COMPLEX(1,0),IMDIV(COMPLEX(0,2*PI()*O45),COMPLEX(Q*(wsl/2),0)),IMDIV(IMPOWER(COMPLEX(0,2*PI()*O45),2),IMPOWER(COMPLEX(wsl/2,0),2))) -> 0.999999992836015+0.000409494348821887i | AA45: =IMABS(Z45) -> 1.0000001 | AB45: =IMARGUMENT(Z45) -> 0.00040949433 | AC45: =(IMDIV(IMPRODUCT(P45,T45,W45),IMPRODUCT(Q45,Z45))) -> 15.0029004534421-4.99988351395119i | AD45: =20*LOG(IMABS(AC45)) -> 23.980891 | AE45: =(180/PI())*IMARGUMENT(AC45) -> -18.431225 | AF45: =COMPLEX($B$72,0) -> 247.084651286898 | AG45: =IMSUM(COMPLEX(1,0),IMDIV(COMPLEX(0,2*PI()*O45),COMPLEX(wp_lf_DCM,0))) -> 1+0.29604746082394i | AH45: =IMABS(AG45) -> 1.0429018 | AI45: =IMARGUMENT(AG45) -> 0.28782668 | AJ45: =IMSUM(COMPLEX(1,0),IMDIV(COMPLEX(0,2*PI()*O45),COMPLEX(wz1_dcm,0))) -> 1+0.00192462343946287i | AK45: =IMABS(AJ45) -> 1.0000019 | AL45: =IMARGUMENT(AJ45) -> 0.0019246211 | AM45: =IMSUB(COMPLEX(1,0),IMDIV(COMPLEX(0,2*PI()*O45),COMPLEX(wz2_dcm,0))) -> 1-0.00191193209409278i | AN45: =IMABS(AM45) -> 1.0000018 | AO45: =IMARGUMENT(AM45) -> -0.0019119298 | AP45: =(IMDIV(IMPRODUCT(AF45,AJ45,AM45),IMPRODUCT(AG45))) -> 227.175864849935-67.2517021126607i | AQ45: =20*LOG(IMABS(AP45)) -> 47.492079 | AR45: =(180/PI())*IMARGUMENT(AP45) -> -16.490527 | AS45: =COMPLEX(Adc_ea,0) -> -0.0000166666666666667 | AT45: =COMPLEX(0,2*PI()*O45*wp0_ea) -> 3.9779451028412E-07i | AU45: =IMABS(AT45) -> 3.9779451e-07 | AV45: =IMARGUMENT(AT45) -> 1.5707963 | AW45: =IMSUM(COMPLEX(1,0),IMDIV(COMPLEX(0,2*PI()*O45),COMPLEX(wp1_ea,0))) -> 1+0.000404263832769708i | AX45: =IMABS(AW45) -> 1.0000001 | AY45: =IMARGUMENT(AW45) -> 0.00040426381 | AZ45: =IMSUM(COMPLEX(1,0),IMDIV(COMPLEX(0,2*PI()*O45),COMPLEX(wz_ea,0))) -> 1+0.0137449703141701i | BA45: =IMABS(AZ45) -> 1.0000945 | BB45: =IMARGUMENT(AZ45) -> 0.013744105 | BC45: =IMPRODUCT(AS45,IMDIV(AZ45,IMPRODUCT(AT45,AW45))) -> -0.558944545330315+41.8979048776554i | BD45: =20*LOG(IMABS(BC45)) -> 32.444619 | BE45: =(180/PI())*IMARGUMENT(BC45) -> 90.764317 | BF45: =IMPRODUCT(AC45,BC45) -> 201.098854494299+631.38475370466i | BG45: =20*LOG(IMABS(BF45)) -> 56.42551 | BH45: =(180/PI())*IMARGUMENT(BF45) -> 72.333091 | BI45: =IMPRODUCT(AP45,BC45) -> 2690.72670748811+9555.78274804173i | BJ45: =20*LOG(IMABS(BI45)) -> 79.936698 | BK45: =(180/PI())*IMARGUMENT(BI45) -> 74.27379 | BL45: =IF($B$31=0,BJ45,BG45) -> 56.42551 | BM45: =IF($B$31=0,BK45,BH45) -> 72.333091
B46: =wz_esr/(2*PI()) -> 9675.0725 | C46: Hz | N46: 28 | O46: =10^(1+(N46/100)) -> 19.054607 | P46: =COMPLEX(Adc,0) -> 16.5157725627975 | Q46: =IMSUM(COMPLEX(1,0),IMDIV(COMPLEX(0,2*PI()*O46),COMPLEX(wp_lf,0))) -> 1+0.309781419286819i | R46: =IMABS(Q46) -> 1.0468832 | S46: =IMARGUMENT(Q46) -> 0.30040624 | T46: =IMSUM(COMPLEX(1,0),IMDIV(COMPLEX(0,2*PI()*O46),COMPLEX(wz_esr,0))) -> 1+0.00196945367838164i | U46: =IMABS(T46) -> 1.0000019 | V46: =IMARGUMENT(T46) -> 0.0019694511 | W46: =IMSUB(COMPLEX(1,0),IMDIV(COMPLEX(0,2*PI()*O46),COMPLEX(wz_rhp,0))) -> 1-0.0299309069662863i | X46: =IMABS(W46) -> 1.0004478 | Y46: =IMARGUMENT(W46) -> -0.029921974 | Z46: =IMSUM(COMPLEX(1,0),IMDIV(COMPLEX(0,2*PI()*O46),COMPLEX(Q*(wsl/2),0)),IMDIV(IMPOWER(COMPLEX(0,2*PI()*O46),2),IMPOWER(COMPLEX(wsl/2,0),2))) -> 0.999999992498387+0.000419032697528007i | AA46: =IMABS(Z46) -> 1.0000001 | AB46: =IMARGUMENT(Z46) -> 0.00041903268 | AC46: =(IMDIV(IMPRODUCT(P46,T46,W46),IMPRODUCT(Q46,Z46))) -> 14.9378440864773-5.0961925231717i | AD46: =20*LOG(IMABS(AC46)) -> 23.963918 | AE46: =(180/PI())*IMARGUMENT(AC46) -> -18.83758 | AF46: =COMPLEX($B$72,0) -> 247.084651286898 | AG46: =IMSUM(COMPLEX(1,0),IMDIV(COMPLEX(0,2*PI()*O46),COMPLEX(wp_lf_DCM,0))) -> 1+0.302943292043649i | AH46: =IMABS(AG46) -> 1.0448802 | AI46: =IMARGUMENT(AG46) -> 0.29415487 | AJ46: =IMSUM(COMPLEX(1,0),IMDIV(COMPLEX(0,2*PI()*O46),COMPLEX(wz1_dcm,0))) -> 1+0.00196945367838164i | AK46: =IMABS(AJ46) -> 1.0000019 | AL46: =IMARGUMENT(AJ46) -> 0.0019694511 | AM46: =IMSUB(COMPLEX(1,0),IMDIV(COMPLEX(0,2*PI()*O46),COMPLEX(wz2_dcm,0))) -> 1-0.00195646671360181i | AN46: =IMABS(AM46) -> 1.0000019 | AO46: =IMARGUMENT(AM46) -> -0.0019564642 | AP46: =(IMDIV(IMPRODUCT(AF46,AJ46,AM46),IMPRODUCT(AG46))) -> 226.316463866064-68.5578457275992i | AQ46: =20*LOG(IMABS(AP46)) -> 47.475619 | AR46: =(180/PI())*IMARGUMENT(AP46) -> -16.853088 | AS46: =COMPLEX(Adc_ea,0) -> -0.0000166666666666667 | AT46: =COMPLEX(0,2*PI()*O46*wp0_ea) -> 4.07060334741494E-07i | AU46: =IMABS(AT46) -> 4.0706033e-07 | AV46: =IMARGUMENT(AT46) -> 1.5707963 | AW46: =IMSUM(COMPLEX(1,0),IMDIV(COMPLEX(0,2*PI()*O46),COMPLEX(wp1_ea,0))) -> 1+0.000413680347105801i | AX46: =IMABS(AW46) -> 1.0000001 | AY46: =IMARGUMENT(AW46) -> 0.00041368032 | AZ46: =IMSUM(COMPLEX(1,0),IMDIV(COMPLEX(0,2*PI()*O46),COMPLEX(wz_ea,0))) -> 1+0.0140651318015972i | BA46: =IMABS(AZ46) -> 1.0000989 | BB46: =IMARGUMENT(AZ46) -> 0.014064204 | BC46: =IMPRODUCT(AS46,IMDIV(AZ46,IMPRODUCT(AT46,AW46))) -> -0.558944541025221+40.9442025333203i | BD46: =20*LOG(IMABS(BC46)) -> 32.244658 | BE46: =(180/PI())*IMARGUMENT(BC46) -> 90.782117 | BF46: =IMPRODUCT(AC46,BC46) -> 200.310112410712+614.466602678728i | BG46: =20*LOG(IMABS(BF46)) -> 56.208576 | BH46: =(180/PI())*IMARGUMENT(BF46) -> 71.944537 | BI46: =IMPRODUCT(AP46,BC46) -> 2680.54796869688+9304.66716677088i | BJ46: =20*LOG(IMABS(BI46)) -> 79.720276 | BK46: =(180/PI())*IMARGUMENT(BI46) -> 73.929029 | BL46: =IF($B$31=0,BJ46,BG46) -> 56.208576 | BM46: =IF($B$31=0,BK46,BH46) -> 71.944537
N47: 29 | O47: =10^(1+(N47/100)) -> 19.498446 | P47: =COMPLEX(Adc,0) -> 16.5157725627975 | Q47: =IMSUM(COMPLEX(1,0),IMDIV(COMPLEX(0,2*PI()*O47),COMPLEX(wp_lf,0))) -> 1+0.316997155494988i | R47: =IMABS(Q47) -> 1.0490411 | S47: =IMARGUMENT(Q47) -> 0.30697666 | T47: =IMSUM(COMPLEX(1,0),IMDIV(COMPLEX(0,2*PI()*O47),COMPLEX(wz_esr,0))) -> 1+0.00201532814770949i | U47: =IMABS(T47) -> 1.000002 | V47: =IMARGUMENT(T47) -> 0.0020153254 | W47: =IMSUB(COMPLEX(1,0),IMDIV(COMPLEX(0,2*PI()*O47),COMPLEX(wz_rhp,0))) -> 1-0.030628087351208i | X47: =IMABS(W47) -> 1.0004689 | Y47: =IMARGUMENT(W47) -> -0.030618516 | Z47: =IMSUM(COMPLEX(1,0),IMDIV(COMPLEX(0,2*PI()*O47),COMPLEX(Q*(wsl/2),0)),IMDIV(IMPOWER(COMPLEX(0,2*PI()*O47),2),IMPOWER(COMPLEX(wsl/2,0),2))) -> 0.999999992144847+0.000428793222916912i | AA47: =IMABS(Z47) -> 1.0000001 | AB47: =IMARGUMENT(Z47) -> 0.0004287932 | AC47: =(IMDIV(IMPRODUCT(P47,T47,W47),IMPRODUCT(Q47,Z47))) -> 14.8702690312773-5.19347701187141i | AD47: =20*LOG(IMABS(AC47)) -> 23.946217 | AE47: =(180/PI())*IMARGUMENT(AC47) -> -19.251877 | AF47: =COMPLEX($B$72,0) -> 247.084651286898 | AG47: =IMSUM(COMPLEX(1,0),IMDIV(COMPLEX(0,2*PI()*O47),COMPLEX(wp_lf_DCM,0))) -> 1+0.309999747806728i | AH47: =IMABS(AG47) -> 1.0469479 | AI47: =IMARGUMENT(AG47) -> 0.30060544 | AJ47: =IMSUM(COMPLEX(1,0),IMDIV(COMPLEX(0,2*PI()*O47),COMPLEX(wz1_dcm,0))) -> 1+0.00201532814770949i | AK47: =IMABS(AJ47) -> 1.000002 | AL47: =IMARGUMENT(AJ47) -> 0.0020153254 | AM47: =IMSUB(COMPLEX(1,0),IMDIV(COMPLEX(0,2*PI()*O47),COMPLEX(wz2_dcm,0))) -> 1-0.0020020386776593i | AN47: =IMABS(AM47) -> 1.000002 | AO47: =IMARGUMENT(AM47) -> -0.002002036 | AP47: =(IMDIV(IMPRODUCT(AF47,AJ47,AM47),IMPRODUCT(AG47))) -> 225.423502769069-69.8779453840475i | AQ47: =20*LOG(IMABS(AP47)) -> 47.458449 | AR47: =(180/PI())*IMARGUMENT(AP47) -> -17.222662 | AS47: =COMPLEX(Adc_ea,0) -> -0.0000166666666666667 | AT47: =COMPLEX(0,2*PI()*O47*wp0_ea) -> 4.16541987976429E-07i | AU47: =IMABS(AT47) -> 4.1654199e-07 | AV47: =IMARGUMENT(AT47) -> 1.5707963 | AW47: =IMSUM(COMPLEX(1,0),IMDIV(COMPLEX(0,2*PI()*O47),COMPLEX(wp1_ea,0))) -> 1+0.000423316200237637i | AX47: =IMABS(AW47) -> 1.0000001 | AY47: =IMARGUMENT(AW47) -> 0.00042331617 | AZ47: =IMSUM(COMPLEX(1,0),IMDIV(COMPLEX(0,2*PI()*O47),COMPLEX(wz_ea,0))) -> 1+0.0143927508080797i | BA47: =IMABS(AZ47) -> 1.0001036 | BB47: =IMARGUMENT(AZ47) -> 0.014391757 | BC47: =IMPRODUCT(AS47,IMDIV(AZ47,IMPRODUCT(AT47,AW47))) -> -0.558944536517239+40.0122093471286i | BD47: =20*LOG(IMABS(BC47)) -> 32.044698 | BE47: =(180/PI())*IMARGUMENT(BC47) -> 90.800333 | BF47: =IMPRODUCT(AC47,BC47) -> 199.490833806925+597.895183128904i | BG47: =20*LOG(IMABS(BF47)) -> 55.990915 | BH47: =(180/PI())*IMARGUMENT(BF47) -> 71.548456 | BI47: =IMPRODUCT(AP47,BC47) -> 2669.97174417838+9058.75028035448i | BJ47: =20*LOG(IMABS(BI47)) -> 79.503147 | BK47: =(180/PI())*IMARGUMENT(BI47) -> 73.577671 | BL47: =IF($B$31=0,BJ47,BG47) -> 55.990915 | BM47: =IF($B$31=0,BK47,BH47) -> 71.548456
A48: Se | B48: =(Vsl*Fsw) -> 19800 | C48: V/V | E48: Slope compensation | N48: 30 | O48: =10^(1+(N48/100)) -> 19.952623 | P48: =COMPLEX(Adc,0) -> 16.5157725627975 | Q48: =IMSUM(COMPLEX(1,0),IMDIV(COMPLEX(0,2*PI()*O48),COMPLEX(wp_lf,0))) -> 1+0.324380967790955i | R48: =IMABS(Q48) -> 1.0512959 | S48: =IMARGUMENT(Q48) -> 0.3136719 | T48: =IMSUM(COMPLEX(1,0),IMDIV(COMPLEX(0,2*PI()*O48),COMPLEX(wz_esr,0))) -> 1+0.00206227117069727i | U48: =IMABS(T48) -> 1.0000021 | V48: =IMARGUMENT(T48) -> 0.0020622682 | W48: =IMSUB(COMPLEX(1,0),IMDIV(COMPLEX(0,2*PI()*O48),COMPLEX(wz_rhp,0))) -> 1-0.031341507153454i | X48: =IMABS(W48) -> 1.000491 | Y48: =IMARGUMENT(W48) -> -0.031331251 | Z48: =IMSUM(COMPLEX(1,0),IMDIV(COMPLEX(0,2*PI()*O48),COMPLEX(Q*(wsl/2),0)),IMDIV(IMPOWER(COMPLEX(0,2*PI()*O48),2),IMPOWER(COMPLEX(wsl/2,0),2))) -> 0.999999991774645+0.000438781100148356i | AA48: =IMABS(Z48) -> 1.0000001 | AB48: =IMARGUMENT(Z48) -> 0.00043878108 | AC48: =(IMDIV(IMPRODUCT(P48,T48,W48),IMPRODUCT(Q48,Z48))) -> 14.8001020179973-5.29168780515709i | AD48: =20*LOG(IMABS(AC48)) -> 23.92776 | AE48: =(180/PI())*IMARGUMENT(AC48) -> -19.674206 | AF48: =COMPLEX($B$72,0) -> 247.084651286898 | AG48: =IMSUM(COMPLEX(1,0),IMDIV(COMPLEX(0,2*PI()*O48),COMPLEX(wp_lf_DCM,0))) -> 1+0.317220569539427i | AH48: =IMABS(AG48) -> 1.0491086 | AI48: =IMARGUMENT(AG48) -> 0.30717966 | AJ48: =IMSUM(COMPLEX(1,0),IMDIV(COMPLEX(0,2*PI()*O48),COMPLEX(wz1_dcm,0))) -> 1+0.00206227117069727i | AK48: =IMABS(AJ48) -> 1.0000021 | AL48: =IMARGUMENT(AJ48) -> 0.0020622682 | AM48: =IMSUB(COMPLEX(1,0),IMDIV(COMPLEX(0,2*PI()*O48),COMPLEX(wz2_dcm,0))) -> 1-0.00204867214912379i | AN48: =IMABS(AM48) -> 1.0000021 | AO48: =IMARGUMENT(AM48) -> -0.0020486693 | AP48: =(IMDIV(IMPRODUCT(AF48,AJ48,AM48),IMPRODUCT(AG48))) -> 224.495979888035-71.2113824898908i | AQ48: =20*LOG(IMABS(AP48)) -> 47.440543 | AR48: =(180/PI())*IMARGUMENT(AP48) -> -17.599319 | AS48: =COMPLEX(Adc_ea,0) -> -0.0000166666666666667 | AT48: =COMPLEX(0,2*PI()*O48*wp0_ea) -> 4.26244497286974E-07i | AU48: =IMABS(AT48) -> 4.262445e-07 | AV48: =IMARGUMENT(AT48) -> 1.5707963 | AW48: =IMSUM(COMPLEX(1,0),IMDIV(COMPLEX(0,2*PI()*O48),COMPLEX(wp1_ea,0))) -> 1+0.000433176501222091i | AX48: =IMABS(AW48) -> 1.0000001 | AY48: =IMARGUMENT(AW48) -> 0.00043317647 | AZ48: =IMSUM(COMPLEX(1,0),IMDIV(COMPLEX(0,2*PI()*O48),COMPLEX(wz_ea,0))) -> 1+0.0147280010415511i | BA48: =IMABS(AZ48) -> 1.0001085 | BB48: =IMARGUMENT(AZ48) -> 0.014726936 | BC48: =IMPRODUCT(AS48,IMDIV(AZ48,IMPRODUCT(AT48,AW48))) -> -0.558944531796799+39.1014311639569i | BD48: =20*LOG(IMABS(BC48)) -> 31.84474 | BE48: =(180/PI())*IMARGUMENT(BC48) -> 90.818972 | BF48: =IMPRODUCT(AC48,BC48) -> 198.640130361506+581.662930238929i | BG48: =20*LOG(IMABS(BF48)) -> 55.772501 | BH48: =(180/PI())*IMARGUMENT(BF48) -> 71.144766 | BI48: =IMPRODUCT(AP48,BC48) -> 2658.98617014989+8817.91731702147i | BJ48: =20*LOG(IMABS(BI48)) -> 79.285283 | BK48: =(180/PI())*IMARGUMENT(BI48) -> 73.219653 | BL48: =IF($B$31=0,BJ48,BG48) -> 55.772501 | BM48: =IF($B$31=0,BK48,BH48) -> 71.144766
A49: Sn | B49: =(R_cs*VIN_var)/Lm -> 600 | C49: V/V | E49: Down slope at the selected input voltage | J49: =(0.5-(1-(VIN_var/VOUT))) -> -0.44 | N49: 31 | O49: =10^(1+(N49/100)) -> 20.417379 | P49: =COMPLEX(Adc,0) -> 16.5157725627975 | Q49: =IMSUM(COMPLEX(1,0),IMDIV(COMPLEX(0,2*PI()*O49),COMPLEX(wp_lf,0))) -> 1+0.331936771169732i | R49: =IMABS(Q49) -> 1.0536518 | S49: =IMARGUMENT(Q49) -> 0.32049312 | T49: =IMSUM(COMPLEX(1,0),IMDIV(COMPLEX(0,2*PI()*O49),COMPLEX(wz_esr,0))) -> 1+0.00211030763715714i | U49: =IMABS(T49) -> 1.0000022 | V49: =IMARGUMENT(T49) -> 0.0021103045 | W49: =IMSUB(COMPLEX(1,0),IMDIV(COMPLEX(0,2*PI()*O49),COMPLEX(wz_rhp,0))) -> 1-0.0320715446376465i | X49: =IMABS(W49) -> 1.0005142 | Y49: =IMARGUMENT(W49) -> -0.032060555 | Z49: =IMSUM(COMPLEX(1,0),IMDIV(COMPLEX(0,2*PI()*O49),COMPLEX(Q*(wsl/2),0)),IMDIV(IMPOWER(COMPLEX(0,2*PI()*O49),2),IMPOWER(COMPLEX(wsl/2,0),2))) -> 0.999999991386996+0.000449001624927051i | AA49: =IMABS(Z49) -> 1.0000001 | AB49: =IMARGUMENT(Z49) -> 0.0004490016 | AC49: =(IMDIV(IMPRODUCT(P49,T49,W49),IMPRODUCT(Q49,Z49))) -> 14.7272697559823-5.39077136069382i | AD49: =20*LOG(IMABS(AC49)) -> 23.908519 | AE49: =(180/PI())*IMARGUMENT(AC49) -> -20.104652 | AF49: =COMPLEX($B$72,0) -> 247.084651286898 | AG49: =IMSUM(COMPLEX(1,0),IMDIV(COMPLEX(0,2*PI()*O49),COMPLEX(wp_lf_DCM,0))) -> 1+0.324609585817004i | AH49: =IMABS(AG49) -> 1.0513664 | AI49: =IMARGUMENT(AG49) -> 0.31387874 | AJ49: =IMSUM(COMPLEX(1,0),IMDIV(COMPLEX(0,2*PI()*O49),COMPLEX(wz1_dcm,0))) -> 1+0.00211030763715714i | AK49: =IMABS(AJ49) -> 1.0000022 | AL49: =IMARGUMENT(AJ49) -> 0.0021103045 | AM49: =IMSUB(COMPLEX(1,0),IMDIV(COMPLEX(0,2*PI()*O49),COMPLEX(wz2_dcm,0))) -> 1-0.00209639185367912i | AN49: =IMABS(AM49) -> 1.0000022 | AO49: =IMARGUMENT(AM49) -> -0.0020963888 | AP49: =(IMDIV(IMPRODUCT(AF49,AJ49,AM49),IMPRODUCT(AG49))) -> 223.532890647982-72.557480673211i | AQ49: =20*LOG(IMABS(AP49)) -> 47.421872 | AR49: =(180/PI())*IMARGUMENT(AP49) -> -17.98313 | AS49: =COMPLEX(Adc_ea,0) -> -0.0000166666666666667 | AT49: =COMPLEX(0,2*PI()*O49*wp0_ea) -> 4.36173007071994E-07i | AU49: =IMABS(AT49) -> 4.3617301e-07 | AV49: =IMARGUMENT(AT49) -> 1.5707963 | AW49: =IMSUM(COMPLEX(1,0),IMDIV(COMPLEX(0,2*PI()*O49),COMPLEX(wp1_ea,0))) -> 1+0.00044326647812126i | AX49: =IMABS(AW49) -> 1.0000001 | AY49: =IMARGUMENT(AW49) -> 0.00044326645 | AZ49: =IMSUM(COMPLEX(1,0),IMDIV(COMPLEX(0,2*PI()*O49),COMPLEX(wz_ea,0))) -> 1+0.0150710602561228i | BA49: =IMABS(AZ49) -> 1.0001136 | BB49: =IMARGUMENT(AZ49) -> 0.015069919 | BC49: =IMPRODUCT(AS49,IMDIV(AZ49,IMPRODUCT(AT49,AW49))) -> -0.558944526853888+38.2113850771566i | BD49: =20*LOG(IMABS(BC49)) -> 31.644785 | BE49: =(180/PI())*IMARGUMENT(BC49) -> 90.838045 | BF49: =IMPRODUCT(AC49,BC49) -> 197.757113500772+565.762517928582i | BG49: =20*LOG(IMABS(BF49)) -> 55.553304 | BH49: =(180/PI())*IMARGUMENT(BF49) -> 70.733393 | BI49: =IMPRODUCT(AP49,BC49) -> 2647.5793484329+8582.05696866458i | BJ49: =20*LOG(IMABS(BI49)) -> 79.066656 | BK49: =(180/PI())*IMARGUMENT(BI49) -> 72.854916 | BL49: =IF($B$31=0,BJ49,BG49) -> 55.553304 | BM49: =IF($B$31=0,BK49,BH49) -> 70.733393
J50: =Lm*Fsw -> 4.4 | N50: 32 | O50: =10^(1+(N50/100)) -> 20.892961 | P50: =COMPLEX(Adc,0) -> 16.5157725627975 | Q50: =IMSUM(COMPLEX(1,0),IMDIV(COMPLEX(0,2*PI()*O50),COMPLEX(wp_lf,0))) -> 1+0.339668571818289i | R50: =IMABS(Q50) -> 1.056113 | S50: =IMARGUMENT(Q50) -> 0.32744139 | T50: =IMSUM(COMPLEX(1,0),IMDIV(COMPLEX(0,2*PI()*O50),COMPLEX(wz_esr,0))) -> 1+0.00215946301665947i | U50: =IMABS(T50) -> 1.0000023 | V50: =IMARGUMENT(T50) -> 0.0021594597 | W50: =IMSUB(COMPLEX(1,0),IMDIV(COMPLEX(0,2*PI()*O50),COMPLEX(wz_rhp,0))) -> 1-0.0328185868793232i | X50: =IMABS(W50) -> 1.0005384 | Y50: =IMARGUMENT(W50) -> -0.032806812 | Z50: =IMSUM(COMPLEX(1,0),IMDIV(COMPLEX(0,2*PI()*O50),COMPLEX(Q*(wsl/2),0)),IMDIV(IMPOWER(COMPLEX(0,2*PI()*O50),2),IMPOWER(COMPLEX(wsl/2,0),2))) -> 0.999999990981078+0.000459460216310525i | AA50: =IMABS(Z50) -> 1.0000001 | AB50: =IMARGUMENT(Z50) -> 0.00045946019 | AC50: =(IMDIV(IMPRODUCT(P50,T50,W50),IMPRODUCT(Q50,Z50))) -> 14.651699148015-5.49066961543919i | AD50: =20*LOG(IMABS(AC50)) -> 23.888464 | AE50: =(180/PI())*IMARGUMENT(AC50) -> -20.543299 | AF50: =COMPLEX($B$72,0) -> 247.084651286898 | AG50: =IMSUM(COMPLEX(1,0),IMDIV(COMPLEX(0,2*PI()*O50),COMPLEX(wp_lf_DCM,0))) -> 1+0.3321707143937i | AH50: =IMABS(AG50) -> 1.0537255 | AI50: =IMARGUMENT(AG50) -> 0.32070383 | AJ50: =IMSUM(COMPLEX(1,0),IMDIV(COMPLEX(0,2*PI()*O50),COMPLEX(wz1_dcm,0))) -> 1+0.00215946301665947i | AK50: =IMABS(AJ50) -> 1.0000023 | AL50: =IMARGUMENT(AJ50) -> 0.0021594597 | AM50: =IMSUB(COMPLEX(1,0),IMDIV(COMPLEX(0,2*PI()*O50),COMPLEX(wz2_dcm,0))) -> 1-0.00214522309294432i | AN50: =IMABS(AM50) -> 1.0000023 | AO50: =IMARGUMENT(AM50) -> -0.0021452198 | AP50: =(IMDIV(IMPRODUCT(AF50,AJ50,AM50),IMPRODUCT(AG50))) -> 222.533230274974-73.9155036101904i | AQ50: =20*LOG(IMABS(AP50)) -> 47.402406 | AR50: =(180/PI())*IMARGUMENT(AP50) -> -18.37416 | AS50: =COMPLEX(Adc_ea,0) -> -0.0000166666666666667 | AT50: =COMPLEX(0,2*PI()*O50*wp0_ea) -> 4.46332781558795E-07i | AU50: =IMABS(AT50) -> 4.4633278e-07 | AV50: =IMARGUMENT(AT50) -> 1.5707963 | AW50: =IMSUM(COMPLEX(1,0),IMDIV(COMPLEX(0,2*PI()*O50),COMPLEX(wp1_ea,0))) -> 1+0.000453591480774458i | AX50: =IMABS(AW50) -> 1.0000001 | AY50: =IMARGUMENT(AW50) -> 0.00045359145 | AZ50: =IMSUM(COMPLEX(1,0),IMDIV(COMPLEX(0,2*PI()*O50),COMPLEX(wz_ea,0))) -> 1+0.0154221103463316i | BA50: =IMABS(AZ50) -> 1.0001189 | BB50: =IMARGUMENT(AZ50) -> 0.015420888 | BC50: =IMPRODUCT(AS50,IMDIV(AZ50,IMPRODUCT(AT50,AW50))) -> -0.558944521678034+37.3415991725116i | BD50: =20*LOG(IMABS(BC50)) -> 31.444831 | BE50: =(180/PI())*IMARGUMENT(BC50) -> 90.857563 | BF50: =IMPRODUCT(AC50,BC50) -> 196.840896996361+550.1868564833i | BG50: =20*LOG(IMABS(BF50)) -> 55.333296 | BH50: =(180/PI())*IMARGUMENT(BF50) -> 70.314264 | BI50: =IMPRODUCT(AP50,BC50) -> 2635.73937849255+8351.06135330229i | BJ50: =20*LOG(IMABS(BI50)) -> 78.847237 | BK50: =(180/PI())*IMARGUMENT(BI50) -> 72.483403 | BL50: =IF($B$31=0,BJ50,BG50) -> 55.333296 | BM50: =IF($B$31=0,BK50,BH50) -> 70.314264
A51: wsl | B51: =2*PI()*Fsw -> 2764601.5 | C51: Rad | N51: 33 | O51: =10^(1+(N51/100)) -> 21.379621 | P51: =COMPLEX(Adc,0) -> 16.5157725627975 | Q51: =IMSUM(COMPLEX(1,0),IMDIV(COMPLEX(0,2*PI()*O51),COMPLEX(wp_lf,0))) -> 1+0.347580469239666i | R51: =IMABS(Q51) -> 1.0586842 | S51: =IMARGUMENT(Q51) -> 0.33451771 | T51: =IMSUM(COMPLEX(1,0),IMDIV(COMPLEX(0,2*PI()*O51),COMPLEX(wz_esr,0))) -> 1+0.00220976337203709i | U51: =IMABS(T51) -> 1.0000024 | V51: =IMARGUMENT(T51) -> 0.0022097598 | W51: =IMSUB(COMPLEX(1,0),IMDIV(COMPLEX(0,2*PI()*O51),COMPLEX(wz_rhp,0))) -> 1-0.0335830299701685i | X51: =IMABS(W51) -> 1.0005638 | Y51: =IMARGUMENT(W51) -> -0.033570413 | Z51: =IMSUM(COMPLEX(1,0),IMDIV(COMPLEX(0,2*PI()*O51),COMPLEX(Q*(wsl/2),0)),IMDIV(IMPOWER(COMPLEX(0,2*PI()*O51),2),IMPOWER(COMPLEX(wsl/2,0),2))) -> 0.999999990556029+0.000470162419582359i | AA51: =IMABS(Z51) -> 1.0000001 | AB51: =IMARGUMENT(Z51) -> 0.00047016239 | AC51: =(IMDIV(IMPRODUCT(P51,T51,W51),IMPRODUCT(Q51,Z51))) -> 14.5733175224872-5.59131983915711i | AD51: =20*LOG(IMABS(AC51)) -> 23.867565 | AE51: =(180/PI())*IMARGUMENT(AC51) -> -20.990224 | AF51: =COMPLEX($B$72,0) -> 247.084651286898 | AG51: =IMSUM(COMPLEX(1,0),IMDIV(COMPLEX(0,2*PI()*O51),COMPLEX(wp_lf_DCM,0))) -> 1+0.339907964279964i | AH51: =IMABS(AG51) -> 1.0561901 | AI51: =IMARGUMENT(AG51) -> 0.32765601 | AJ51: =IMSUM(COMPLEX(1,0),IMDIV(COMPLEX(0,2*PI()*O51),COMPLEX(wz1_dcm,0))) -> 1+0.00220976337203709i | AK51: =IMABS(AJ51) -> 1.0000024 | AL51: =IMARGUMENT(AJ51) -> 0.0022097598 | AM51: =IMSUB(COMPLEX(1,0),IMDIV(COMPLEX(0,2*PI()*O51),COMPLEX(wz2_dcm,0))) -> 1-0.00219519175788876i | AN51: =IMABS(AM51) -> 1.0000024 | AO51: =IMARGUMENT(AM51) -> -0.0021951882 | AP51: =(IMDIV(IMPRODUCT(AF51,AJ51,AM51),IMPRODUCT(AG51))) -> 221.495996740897-75.2846529261592i | AQ51: =20*LOG(IMABS(AP51)) -> 47.382116 | AR51: =(180/PI())*IMARGUMENT(AP51) -> -18.772471 | AS51: =COMPLEX(Adc_ea,0) -> -0.0000166666666666667 | AT51: =COMPLEX(0,2*PI()*O51*wp0_ea) -> 4.56729207594292E-07i | AU51: =IMABS(AT51) -> 4.5672921e-07 | AV51: =IMARGUMENT(AT51) -> 1.5707963 | AW51: =IMSUM(COMPLEX(1,0),IMDIV(COMPLEX(0,2*PI()*O51),COMPLEX(wp1_ea,0))) -> 1+0.000464156983634752i | AX51: =IMABS(AW51) -> 1.0000001 | AY51: =IMARGUMENT(AW51) -> 0.00046415695 | AZ51: =IMSUM(COMPLEX(1,0),IMDIV(COMPLEX(0,2*PI()*O51),COMPLEX(wz_ea,0))) -> 1+0.0157813374435816i | BA51: =IMABS(AZ51) -> 1.0001245 | BB51: =IMARGUMENT(AZ51) -> 0.015780028 | BC51: =IMPRODUCT(AS51,IMDIV(AZ51,IMPRODUCT(AT51,AW51))) -> -0.558944516258243+36.4916122780221i | BD51: =20*LOG(IMABS(BC51)) -> 31.24488 | BE51: =(180/PI())*IMARGUMENT(BC51) -> 90.877535 | BF51: =IMPRODUCT(AC51,BC51) -> 195.89059978005+534.929090197851i | BG51: =20*LOG(IMABS(BF51)) -> 55.112445 | BH51: =(180/PI())*IMARGUMENT(BF51) -> 69.88731 | BI51: =IMPRODUCT(AP51,BC51) -> 2623.45439231539+8124.82597811434i | BJ51: =20*LOG(IMABS(BI51)) -> 78.626996 | BK51: =(180/PI())*IMARGUMENT(BI51) -> 72.105063 | BL51: =IF($B$31=0,BJ51,BG51) -> 55.112445 | BM51: =IF($B$31=0,BK51,BH51) -> 69.88731
A52: Q | B52: =1/(PI()*(((VIN_var/VOUT)*(1+(B48/B49)))-0.5)) -> 0.20669473 | N52: 34 | O52: =10^(1+(N52/100)) -> 21.877616 | P52: =COMPLEX(Adc,0) -> 16.5157725627975 | Q52: =IMSUM(COMPLEX(1,0),IMDIV(COMPLEX(0,2*PI()*O52),COMPLEX(wp_lf,0))) -> 1+0.355676658426607i | R52: =IMABS(Q52) -> 1.0613698 | S52: =IMARGUMENT(Q52) -> 0.341723 | T52: =IMSUM(COMPLEX(1,0),IMDIV(COMPLEX(0,2*PI()*O52),COMPLEX(wz_esr,0))) -> 1+0.00226123537320424i | U52: =IMABS(T52) -> 1.0000026 | V52: =IMARGUMENT(T52) -> 0.0022612315 | W52: =IMSUB(COMPLEX(1,0),IMDIV(COMPLEX(0,2*PI()*O52),COMPLEX(wz_rhp,0))) -> 1-0.034365279228028i | X52: =IMABS(W52) -> 1.0005903 | Y52: =IMARGUMENT(W52) -> -0.034351761 | Z52: =IMSUM(COMPLEX(1,0),IMDIV(COMPLEX(0,2*PI()*O52),COMPLEX(Q*(wsl/2),0)),IMDIV(IMPOWER(COMPLEX(0,2*PI()*O52),2),IMPOWER(COMPLEX(wsl/2,0),2))) -> 0.999999990110949+0.000481113909192392i | AA52: =IMABS(Z52) -> 1.0000001 | AB52: =IMARGUMENT(Z52) -> 0.00048111388 | AC52: =(IMDIV(IMPRODUCT(P52,T52,W52),IMPRODUCT(Q52,Z52))) -> 14.492052883854-5.69265449631954i | AD52: =20*LOG(IMABS(AC52)) -> 23.84579 | AE52: =(180/PI())*IMARGUMENT(AC52) -> -21.445503 | AF52: =COMPLEX($B$72,0) -> 247.084651286898 | AG52: =IMSUM(COMPLEX(1,0),IMDIV(COMPLEX(0,2*PI()*O52),COMPLEX(wp_lf_DCM,0))) -> 1+0.347825437868104i | AH52: =IMABS(AG52) -> 1.0587646 | AI52: =IMARGUMENT(AG52) -> 0.33473626 | AJ52: =IMSUM(COMPLEX(1,0),IMDIV(COMPLEX(0,2*PI()*O52),COMPLEX(wz1_dcm,0))) -> 1+0.00226123537320424i | AK52: =IMABS(AJ52) -> 1.0000026 | AL52: =IMARGUMENT(AJ52) -> 0.0022612315 | AM52: =IMSUB(COMPLEX(1,0),IMDIV(COMPLEX(0,2*PI()*O52),COMPLEX(wz2_dcm,0))) -> 1-0.00224632434256004i | AN52: =IMABS(AM52) -> 1.0000025 | AO52: =IMARGUMENT(AM52) -> -0.0022463206 | AP52: =(IMDIV(IMPRODUCT(AF52,AJ52,AM52),IMPRODUCT(AG52))) -> 220.420193954118-76.6640661902564i | AQ52: =20*LOG(IMABS(AP52)) -> 47.360971 | AR52: =(180/PI())*IMARGUMENT(AP52) -> -19.178121 | AS52: =COMPLEX(Adc_ea,0) -> -0.0000166666666666667 | AT52: =COMPLEX(0,2*PI()*O52*wp0_ea) -> 4.6736779750118E-07i | AU52: =IMABS(AT52) -> 4.673678e-07 | AV52: =IMARGUMENT(AT52) -> 1.5707963 | AW52: =IMSUM(COMPLEX(1,0),IMDIV(COMPLEX(0,2*PI()*O52),COMPLEX(wp1_ea,0))) -> 1+0.000474968588671615i | AX52: =IMABS(AW52) -> 1.0000001 | AY52: =IMARGUMENT(AW52) -> 0.00047496855 | AZ52: =IMSUM(COMPLEX(1,0),IMDIV(COMPLEX(0,2*PI()*O52),COMPLEX(wz_ea,0))) -> 1+0.0161489320148349i | BA52: =IMABS(AZ52) -> 1.0001304 | BB52: =IMARGUMENT(AZ52) -> 0.016147528 | BC52: =IMPRODUCT(AS52,IMDIV(AZ52,IMPRODUCT(AT52,AW52))) -> -0.558944510583026+35.6609737193859i | BD52: =20*LOG(IMABS(BC52)) -> 31.044931 | BE52: =(180/PI())*IMARGUMENT(BC52) -> 90.897972 | BF52: =IMPRODUCT(AC52,BC52) -> 194.905348980286+519.982595012432i | BG52: =20*LOG(IMABS(BF52)) -> 54.890721 | BH52: =(180/PI())*IMARGUMENT(BF52) -> 69.452468 | BI52: =IMPRODUCT(AP52,BC52) -> 2610.71259219969+7903.24970277576i | BJ52: =20*LOG(IMABS(BI52)) -> 78.405902 | BK52: =(180/PI())*IMARGUMENT(BI52) -> 71.719851 | BL52: =IF($B$31=0,BJ52,BG52) -> 54.890721 | BM52: =IF($B$31=0,BK52,BH52) -> 69.452468
N53: 35 | O53: =10^(1+(N53/100)) -> 22.387211 | P53: =COMPLEX(Adc,0) -> 16.5157725627975 | Q53: =IMSUM(COMPLEX(1,0),IMDIV(COMPLEX(0,2*PI()*O53),COMPLEX(wp_lf,0))) -> 1+0.363961432085783i | R53: =IMABS(Q53) -> 1.0641748 | S53: =IMARGUMENT(Q53) -> 0.34905808 | T53: =IMSUM(COMPLEX(1,0),IMDIV(COMPLEX(0,2*PI()*O53),COMPLEX(wz_esr,0))) -> 1+0.00231390631129726i | U53: =IMABS(T53) -> 1.0000027 | V53: =IMARGUMENT(T53) -> 0.0023139022 | W53: =IMSUB(COMPLEX(1,0),IMDIV(COMPLEX(0,2*PI()*O53),COMPLEX(wz_rhp,0))) -> 1-0.0351657494118125i | X53: =IMABS(W53) -> 1.0006181 | Y53: =IMARGUMENT(W53) -> -0.035151264 | Z53: =IMSUM(COMPLEX(1,0),IMDIV(COMPLEX(0,2*PI()*O53),COMPLEX(Q*(wsl/2),0)),IMDIV(IMPOWER(COMPLEX(0,2*PI()*O53),2),IMPOWER(COMPLEX(wsl/2,0),2))) -> 0.999999989644892+0.000492320491765374i | AA53: =IMABS(Z53) -> 1.0000001 | AB53: =IMARGUMENT(Z53) -> 0.00049232046 | AC53: =(IMDIV(IMPRODUCT(P53,T53,W53),IMPRODUCT(Q53,Z53))) -> 14.4078341816169-5.79460111811562i | AD53: =20*LOG(IMABS(AC53)) -> 23.823108 | AE53: =(180/PI())*IMARGUMENT(AC53) -> -21.909205 | AF53: =COMPLEX($B$72,0) -> 247.084651286898 | AG53: =IMSUM(COMPLEX(1,0),IMDIV(COMPLEX(0,2*PI()*O53),COMPLEX(wp_lf_DCM,0))) -> 1+0.355927333107417i | AH53: =IMABS(AG53) -> 1.0614538 | AI53: =IMARGUMENT(AG53) -> 0.3419455 | AJ53: =IMSUM(COMPLEX(1,0),IMDIV(COMPLEX(0,2*PI()*O53),COMPLEX(wz1_dcm,0))) -> 1+0.00231390631129726i | AK53: =IMABS(AJ53) -> 1.0000027 | AL53: =IMARGUMENT(AJ53) -> 0.0023139022 | AM53: =IMSUB(COMPLEX(1,0),IMDIV(COMPLEX(0,2*PI()*O53),COMPLEX(wz2_dcm,0))) -> 1-0.00229864795813136i | AN53: =IMABS(AM53) -> 1.0000026 | AO53: =IMARGUMENT(AM53) -> -0.0022986439 | AP53: =(IMDIV(IMPRODUCT(AF53,AJ53,AM53),IMPRODUCT(AG53))) -> 219.304835200937-78.0528150257598i | AQ53: =20*LOG(IMABS(AP53)) -> 47.338939 | AR53: =(180/PI())*IMARGUMENT(AP53) -> -19.59116 | AS53: =COMPLEX(Adc_ea,0) -> -0.0000166666666666667 | AT53: =COMPLEX(0,2*PI()*O53*wp0_ea) -> 4.78254192000648E-07i | AU53: =IMABS(AT53) -> 4.7825419e-07 | AV53: =IMARGUMENT(AT53) -> 1.5707963 | AW53: =IMSUM(COMPLEX(1,0),IMDIV(COMPLEX(0,2*PI()*O53),COMPLEX(wp1_ea,0))) -> 1+0.000486032028341145i | AX53: =IMABS(AW53) -> 1.0000001 | AY53: =IMARGUMENT(AW53) -> 0.00048603199 | AZ53: =IMSUM(COMPLEX(1,0),IMDIV(COMPLEX(0,2*PI()*O53),COMPLEX(wz_ea,0))) -> 1+0.0165250889635989i | BA53: =IMABS(AZ53) -> 1.0001365 | BB53: =IMARGUMENT(AZ53) -> 0.016523585 | BC53: =IMPRODUCT(AS53,IMDIV(AZ53,IMPRODUCT(AT53,AW53))) -> -0.558944504640346+34.8492430810441i | BD53: =20*LOG(IMABS(BC53)) -> 30.844984 | BE53: =(180/PI())*IMARGUMENT(BC53) -> 90.918884 | BF53: =IMPRODUCT(AC53,BC53) -> 193.884283183317+505.340976118097i | BG53: =20*LOG(IMABS(BF53)) -> 54.668092 | BH53: =(180/PI())*IMARGUMENT(BF53) -> 69.009679 | BI53: =IMPRODUCT(AP53,BC53) -> 2597.50229151585+7686.23470279613i | BJ53: =20*LOG(IMABS(BI53)) -> 78.183923 | BK53: =(180/PI())*IMARGUMENT(BI53) -> 71.327724 | BL53: =IF($B$31=0,BJ53,BG53) -> 54.668092 | BM53: =IF($B$31=0,BK53,BH53) -> 69.009679
A54: Error Amplifier | N54: 36 | O54: =10^(1+(N54/100)) -> 22.908677 | P54: =COMPLEX(Adc,0) -> 16.5157725627975 | Q54: =IMSUM(COMPLEX(1,0),IMDIV(COMPLEX(0,2*PI()*O54),COMPLEX(wp_lf,0))) -> 1+0.372439182913849i | R54: =IMABS(Q54) -> 1.067104 | S54: =IMARGUMENT(Q54) -> 0.35652368 | T54: =IMSUM(COMPLEX(1,0),IMDIV(COMPLEX(0,2*PI()*O54),COMPLEX(wz_esr,0))) -> 1+0.0023678041131447i | U54: =IMABS(T54) -> 1.0000028 | V54: =IMARGUMENT(T54) -> 0.0023677997 | W54: =IMSUB(COMPLEX(1,0),IMDIV(COMPLEX(0,2*PI()*O54),COMPLEX(wz_rhp,0))) -> 1-0.0359848649414088i | X54: =IMABS(W54) -> 1.0006472 | Y54: =IMARGUMENT(W54) -> -0.035969345 | Z54: =IMSUM(COMPLEX(1,0),IMDIV(COMPLEX(0,2*PI()*O54),COMPLEX(Q*(wsl/2),0)),IMDIV(IMPOWER(COMPLEX(0,2*PI()*O54),2),IMPOWER(COMPLEX(wsl/2,0),2))) -> 0.999999989156871+0.000503788109179722i | AA54: =IMABS(Z54) -> 1.0000001 | AB54: =IMARGUMENT(Z54) -> 0.00050378807 | AC54: =(IMDIV(IMPRODUCT(P54,T54,W54),IMPRODUCT(Q54,Z54))) -> 14.3205915979505-5.89708218640355i | AD54: =20*LOG(IMABS(AC54)) -> 23.799486 | AE54: =(180/PI())*IMARGUMENT(AC54) -> -22.381394 | AF54: =COMPLEX($B$72,0) -> 247.084651286898 | AG54: =IMSUM(COMPLEX(1,0),IMDIV(COMPLEX(0,2*PI()*O54),COMPLEX(wp_lf_DCM,0))) -> 1+0.364217945729997i | AH54: =IMABS(AG54) -> 1.0642625 | AI54: =IMARGUMENT(AG54) -> 0.34928457 | AJ54: =IMSUM(COMPLEX(1,0),IMDIV(COMPLEX(0,2*PI()*O54),COMPLEX(wz1_dcm,0))) -> 1+0.0023678041131447i | AK54: =IMABS(AJ54) -> 1.0000028 | AL54: =IMARGUMENT(AJ54) -> 0.0023677997 | AM54: =IMSUB(COMPLEX(1,0),IMDIV(COMPLEX(0,2*PI()*O54),COMPLEX(wz2_dcm,0))) -> 1-0.00235219034727629i | AN54: =IMABS(AM54) -> 1.0000028 | AO54: =IMARGUMENT(AM54) -> -0.002352186 | AP54: =(IMDIV(IMPRODUCT(AF54,AJ54,AM54),IMPRODUCT(AG54))) -> 218.148946841147-79.44990335975i | AQ54: =20*LOG(IMABS(AP54)) -> 47.315988 | AR54: =(180/PI())*IMARGUMENT(AP54) -> -20.011637 | AS54: =COMPLEX(Adc_ea,0) -> -0.0000166666666666667 | AT54: =COMPLEX(0,2*PI()*O54*wp0_ea) -> 4.89394163203157E-07i | AU54: =IMABS(AT54) -> 4.8939416e-07 | AV54: =IMARGUMENT(AT54) -> 1.5707963 | AW54: =IMSUM(COMPLEX(1,0),IMDIV(COMPLEX(0,2*PI()*O54),COMPLEX(wp1_ea,0))) -> 1+0.000497353168625494i | AX54: =IMABS(AW54) -> 1.0000001 | AY54: =IMARGUMENT(AW54) -> 0.00049735313 | AZ54: =IMSUM(COMPLEX(1,0),IMDIV(COMPLEX(0,2*PI()*O54),COMPLEX(wz_ea,0))) -> 1+0.0169100077332668i | BA54: =IMABS(AZ54) -> 1.000143 | BB54: =IMARGUMENT(AZ54) -> 0.016908396 | BC54: =IMPRODUCT(AS54,IMDIV(AZ54,IMPRODUCT(AT54,AW54))) -> -0.558944498417596+34.0559899726679i | BD54: =20*LOG(IMABS(BC54)) -> 30.64504 | BE54: =(180/PI())*IMARGUMENT(BC54) -> 90.940284 | BF54: =IMPRODUCT(AC54,BC54) -> 192.826555920398+490.998065507281i | BG54: =20*LOG(IMABS(BF54)) -> 54.444526 | BH54: =(180/PI())*IMARGUMENT(BF54) -> 68.55889 | BI54: =IMPRODUCT(AP54,BC54) -> 2583.81195847663+7473.68643255291i | BJ54: =20*LOG(IMABS(BI54)) -> 77.961028 | BK54: =(180/PI())*IMARGUMENT(BI54) -> 70.928647 | BL54: =IF($B$31=0,BJ54,BG54) -> 54.444526 | BM54: =IF($B$31=0,BK54,BH54) -> 68.55889
A55: Compensation Components | N55: 37 | O55: =10^(1+(N55/100)) -> 23.442288 | P55: =COMPLEX(Adc,0) -> 16.5157725627975 | Q55: =IMSUM(COMPLEX(1,0),IMDIV(COMPLEX(0,2*PI()*O55),COMPLEX(wp_lf,0))) -> 1+0.381114405926512i | R55: =IMABS(Q55) -> 1.0701627 | S55: =IMARGUMENT(Q55) -> 0.36412044 | T55: =IMSUM(COMPLEX(1,0),IMDIV(COMPLEX(0,2*PI()*O55),COMPLEX(wz_esr,0))) -> 1+0.00242295735607452i | U55: =IMABS(T55) -> 1.0000029 | V55: =IMARGUMENT(T55) -> 0.0024229526 | W55: =IMSUB(COMPLEX(1,0),IMDIV(COMPLEX(0,2*PI()*O55),COMPLEX(wz_rhp,0))) -> 1-0.036823060122713i | X55: =IMABS(W55) -> 1.0006777 | Y55: =IMARGUMENT(W55) -> -0.03680643 | Z55: =IMSUM(COMPLEX(1,0),IMDIV(COMPLEX(0,2*PI()*O55),COMPLEX(Q*(wsl/2),0)),IMDIV(IMPOWER(COMPLEX(0,2*PI()*O55),2),IMPOWER(COMPLEX(wsl/2,0),2))) -> 0.99999998864585+0.000515522841717982i | AA55: =IMABS(Z55) -> 1.0000001 | AB55: =IMARGUMENT(Z55) -> 0.0005155228 | AC55: =(IMDIV(IMPRODUCT(P55,T55,W55),IMPRODUCT(Q55,Z55))) -> 14.2302568539377-6.00001503154268i | AD55: =20*LOG(IMABS(AC55)) -> 23.774891 | AE55: =(180/PI())*IMARGUMENT(AC55) -> -22.86213 | AF55: =COMPLEX($B$72,0) -> 247.084651286898 | AG55: =IMSUM(COMPLEX(1,0),IMDIV(COMPLEX(0,2*PI()*O55),COMPLEX(wp_lf_DCM,0))) -> 1+0.372701671528399i | AH55: =IMABS(AG55) -> 1.0671956 | AI55: =IMARGUMENT(AG55) -> 0.35675418 | AJ55: =IMSUM(COMPLEX(1,0),IMDIV(COMPLEX(0,2*PI()*O55),COMPLEX(wz1_dcm,0))) -> 1+0.00242295735607452i | AK55: =IMABS(AJ55) -> 1.0000029 | AL55: =IMARGUMENT(AJ55) -> 0.0024229526 | AM55: =IMSUB(COMPLEX(1,0),IMDIV(COMPLEX(0,2*PI()*O55),COMPLEX(wz2_dcm,0))) -> 1-0.00240697989887826i | AN55: =IMABS(AM55) -> 1.0000029 | AO55: =IMARGUMENT(AM55) -> -0.0024069753 | AP55: =(IMDIV(IMPRODUCT(AF55,AJ55,AM55),IMPRODUCT(AG55))) -> 216.951572259212-80.8542658372828i | AQ55: =20*LOG(IMABS(AP55)) -> 47.292085 | AR55: =(180/PI())*IMARGUMENT(AP55) -> -20.439593 | AS55: =COMPLEX(Adc_ea,0) -> -0.0000166666666666667 | AT55: =COMPLEX(0,2*PI()*O55*wp0_ea) -> 5.00793617668895E-07i | AU55: =IMABS(AT55) -> 5.0079362e-07 | AV55: =IMARGUMENT(AT55) -> 1.5707963 | AW55: =IMSUM(COMPLEX(1,0),IMDIV(COMPLEX(0,2*PI()*O55),COMPLEX(wp1_ea,0))) -> 1+0.000508938012143097i | AX55: =IMABS(AW55) -> 1.0000001 | AY55: =IMARGUMENT(AW55) -> 0.00050893797 | AZ55: =IMSUM(COMPLEX(1,0),IMDIV(COMPLEX(0,2*PI()*O55),COMPLEX(wz_ea,0))) -> 1+0.0173038924128653i | BA55: =IMABS(AZ55) -> 1.0001497 | BB55: =IMARGUMENT(AZ55) -> 0.017302166 | BC55: =IMPRODUCT(AS55,IMDIV(AZ55,IMPRODUCT(AT55,AW55))) -> -0.558944491901576+33.2807938009592i | BD55: =20*LOG(IMABS(BC55)) -> 30.445098 | BE55: =(180/PI())*IMARGUMENT(BC55) -> 90.962181 | BF55: =IMPRODUCT(AC55,BC55) -> 191.731339380575+476.947919443794i | BG55: =20*LOG(IMABS(BF55)) -> 54.219989 | BH55: =(180/PI())*IMARGUMENT(BF55) -> 68.100051 | BI55: =IMPRODUCT(AP55,BC55) -> 2569.63026293488+7265.51358768923i | BJ55: =20*LOG(IMABS(BI55)) -> 77.737184 | BK55: =(180/PI())*IMARGUMENT(BI55) -> 70.522588 | BL55: =IF($B$31=0,BJ55,BG55) -> 54.219989 | BM55: =IF($B$31=0,BK55,BH55) -> 68.100051
A56: RFBT | B56: =RFBT -> 21000 | C56: Ω | E56: Top feedback resistor | N56: 38 | O56: =10^(1+(N56/100)) -> 23.988329 | P56: =COMPLEX(Adc,0) -> 16.5157725627975 | Q56: =IMSUM(COMPLEX(1,0),IMDIV(COMPLEX(0,2*PI()*O56),COMPLEX(wp_lf,0))) -> 1+0.389991700841842i | R56: =IMABS(Q56) -> 1.0733562 | S56: =IMARGUMENT(Q56) -> 0.37184887 | T56: =IMSUM(COMPLEX(1,0),IMDIV(COMPLEX(0,2*PI()*O56),COMPLEX(wz_esr,0))) -> 1+0.00247939528306615i | U56: =IMABS(T56) -> 1.0000031 | V56: =IMARGUMENT(T56) -> 0.0024793902 | W56: =IMSUB(COMPLEX(1,0),IMDIV(COMPLEX(0,2*PI()*O56),COMPLEX(wz_rhp,0))) -> 1-0.037680779377905i | X56: =IMABS(W56) -> 1.0007097 | Y56: =IMARGUMENT(W56) -> -0.037662961 | Z56: =IMSUM(COMPLEX(1,0),IMDIV(COMPLEX(0,2*PI()*O56),COMPLEX(Q*(wsl/2),0)),IMDIV(IMPOWER(COMPLEX(0,2*PI()*O56),2),IMPOWER(COMPLEX(wsl/2,0),2))) -> 0.999999988110745+0.000527530911290669i | AA56: =IMABS(Z56) -> 1.0000001 | AB56: =IMARGUMENT(Z56) -> 0.00052753087 | AC56: =(IMDIV(IMPRODUCT(P56,T56,W56),IMPRODUCT(Q56,Z56))) -> 14.1367635342096-6.10331174614319i | AD56: =20*LOG(IMABS(AC56)) -> 23.749288 | AE56: =(180/PI())*IMARGUMENT(AC56) -> -23.351466 | AF56: =COMPLEX($B$72,0) -> 247.084651286898 | AG56: =IMSUM(COMPLEX(1,0),IMDIV(COMPLEX(0,2*PI()*O56),COMPLEX(wp_lf_DCM,0))) -> 1+0.381383008686333i | AH56: =IMABS(AG56) -> 1.0702584 | AI56: =IMARGUMENT(AG56) -> 0.36435496 | AJ56: =IMSUM(COMPLEX(1,0),IMDIV(COMPLEX(0,2*PI()*O56),COMPLEX(wz1_dcm,0))) -> 1+0.00247939528306615i | AK56: =IMABS(AJ56) -> 1.0000031 | AL56: =IMARGUMENT(AJ56) -> 0.0024793902 | AM56: =IMSUB(COMPLEX(1,0),IMDIV(COMPLEX(0,2*PI()*O56),COMPLEX(wz2_dcm,0))) -> 1-0.00246304566308276i | AN56: =IMABS(AM56) -> 1.000003 | AO56: =IMARGUMENT(AM56) -> -0.0024630407 | AP56: =(IMDIV(IMPRODUCT(AF56,AJ56,AM56),IMPRODUCT(AG56))) -> 215.711776070519-82.2647664266947i | AQ56: =20*LOG(IMABS(AP56)) -> 47.267196 | AR56: =(180/PI())*IMARGUMENT(AP56) -> -20.875064 | AS56: =COMPLEX(Adc_ea,0) -> -0.0000166666666666667 | AT56: =COMPLEX(0,2*PI()*O56*wp0_ea) -> 5.12458599539507E-07i | AU56: =IMABS(AT56) -> 5.124586e-07 | AV56: =IMARGUMENT(AT56) -> 1.5707963 | AW56: =IMSUM(COMPLEX(1,0),IMDIV(COMPLEX(0,2*PI()*O56),COMPLEX(wp1_ea,0))) -> 1+0.000520792701331327i | AX56: =IMABS(AW56) -> 1.0000001 | AY56: =IMARGUMENT(AW56) -> 0.00052079265 | AZ56: =IMSUM(COMPLEX(1,0),IMDIV(COMPLEX(0,2*PI()*O56),COMPLEX(wz_ea,0))) -> 1+0.0177069518452651i | BA56: =IMABS(AZ56) -> 1.0001568 | BB56: =IMARGUMENT(AZ56) -> 0.017705102 | BC56: =IMPRODUCT(AS56,IMDIV(AZ56,IMPRODUCT(AT56,AW56))) -> -0.558944485078463+32.5232435466469i | BD56: =20*LOG(IMABS(BC56)) -> 30.24516 | BE56: =(180/PI())*IMARGUMENT(BC56) -> 90.984588 | BF56: =IMPRODUCT(AC56,BC56) -> 190.597828346621+463.184815825677i | BG56: =20*LOG(IMABS(BF56)) -> 53.994448 | BH56: =(180/PI())*IMARGUMENT(BF56) -> 67.633122 | BI56: =IMPRODUCT(AP56,BC56) -> 2554.94612620232+7061.62806653172i | BJ56: =20*LOG(IMABS(BI56)) -> 77.512355 | BK56: =(180/PI())*IMARGUMENT(BI56) -> 70.109524 | BL56: =IF($B$31=0,BJ56,BG56) -> 53.994448 | BM56: =IF($B$31=0,BK56,BH56) -> 67.633122
A57: RFBB | B57: =RFBB -> 14000 | C57: Ω | E57: Bottom feedback resistor | N57: 39 | O57: =10^(1+(N57/100)) -> 24.547089 | P57: =COMPLEX(Adc,0) -> 16.5157725627975 | Q57: =IMSUM(COMPLEX(1,0),IMDIV(COMPLEX(0,2*PI()*O57),COMPLEX(wp_lf,0))) -> 1+0.399075774519108i | R57: =IMABS(Q57) -> 1.0766901 | S57: =IMARGUMENT(Q57) -> 0.37970938 | T57: =IMSUM(COMPLEX(1,0),IMDIV(COMPLEX(0,2*PI()*O57),COMPLEX(wz_esr,0))) -> 1+0.00253714781825554i | U57: =IMABS(T57) -> 1.0000032 | V57: =IMARGUMENT(T57) -> 0.0025371424 | W57: =IMSUB(COMPLEX(1,0),IMDIV(COMPLEX(0,2*PI()*O57),COMPLEX(wz_rhp,0))) -> 1-0.0385584774810873i | X57: =IMABS(W57) -> 1.0007431 | Y57: =IMARGUMENT(W57) -> -0.038539385 | Z57: =IMSUM(COMPLEX(1,0),IMDIV(COMPLEX(0,2*PI()*O57),COMPLEX(Q*(wsl/2),0)),IMDIV(IMPOWER(COMPLEX(0,2*PI()*O57),2),IMPOWER(COMPLEX(wsl/2,0),2))) -> 0.999999987550422+0.000539818684735221i | AA57: =IMABS(Z57) -> 1.0000001 | AB57: =IMARGUMENT(Z57) -> 0.00053981864 | AC57: =(IMDIV(IMPRODUCT(P57,T57,W57),IMPRODUCT(Q57,Z57))) -> 14.0400474295954-6.20687911685468i | AD57: =20*LOG(IMABS(AC57)) -> 23.722643 | AE57: =(180/PI())*IMARGUMENT(AC57) -> -23.849451 | AF57: =COMPLEX($B$72,0) -> 247.084651286898 | AG57: =IMSUM(COMPLEX(1,0),IMDIV(COMPLEX(0,2*PI()*O57),COMPLEX(wp_lf_DCM,0))) -> 1+0.390266560163673i | AH57: =IMABS(AG57) -> 1.0734561 | AI57: =IMARGUMENT(AG57) -> 0.37208742 | AJ57: =IMSUM(COMPLEX(1,0),IMDIV(COMPLEX(0,2*PI()*O57),COMPLEX(wz1_dcm,0))) -> 1+0.00253714781825554i | AK57: =IMABS(AJ57) -> 1.0000032 | AL57: =IMARGUMENT(AJ57) -> 0.0025371424 | AM57: =IMSUB(COMPLEX(1,0),IMDIV(COMPLEX(0,2*PI()*O57),COMPLEX(wz2_dcm,0))) -> 1-0.00252041736670008i | AN57: =IMABS(AM57) -> 1.0000032 | AO57: =IMARGUMENT(AM57) -> -0.002520412 | AP57: =(IMDIV(IMPRODUCT(AF57,AJ57,AM57),IMPRODUCT(AG57))) -> 214.428648579822-83.6801972440037i | AQ57: =20*LOG(IMABS(AP57)) -> 47.241285 | AR57: =(180/PI())*IMARGUMENT(AP57) -> -21.31808 | AS57: =COMPLEX(Adc_ea,0) -> -0.0000166666666666667 | AT57: =COMPLEX(0,2*PI()*O57*wp0_ea) -> 5.24395293742787E-07i | AU57: =IMABS(AT57) -> 5.2439529e-07 | AV57: =IMARGUMENT(AT57) -> 1.5707963 | AW57: =IMSUM(COMPLEX(1,0),IMDIV(COMPLEX(0,2*PI()*O57),COMPLEX(wp1_ea,0))) -> 1+0.000532923521703309i | AX57: =IMABS(AW57) -> 1.0000001 | AY57: =IMARGUMENT(AW57) -> 0.00053292347 | AZ57: =IMSUM(COMPLEX(1,0),IMDIV(COMPLEX(0,2*PI()*O57),COMPLEX(wz_ea,0))) -> 1+0.0181193997379125i | BA57: =IMABS(AZ57) -> 1.0001641 | BB57: =IMARGUMENT(AZ57) -> 0.018117417 | BC57: =IMPRODUCT(AS57,IMDIV(AZ57,IMPRODUCT(AT57,AW57))) -> -0.558944477933788+31.7829375465587i | BD57: =20*LOG(IMABS(BC57)) -> 30.045224 | BE57: =(180/PI())*IMARGUMENT(BC57) -> 91.007517 | BF57: =IMPRODUCT(AC57,BC57) -> 189.425244349331+449.703251413121i | BG57: =20*LOG(IMABS(BF57)) -> 53.767866 | BH57: =(180/PI())*IMARGUMENT(BF57) -> 67.158067 | BI57: =IMPRODUCT(AP57,BC57) -> 2539.74877385539+6861.94493016741i | BJ57: =20*LOG(IMABS(BI57)) -> 77.286509 | BK57: =(180/PI())*IMARGUMENT(BI57) -> 69.689437 | BL57: =IF($B$31=0,BJ57,BG57) -> 53.767866 | BM57: =IF($B$31=0,BK57,BH57) -> 67.158067
A58: RCOMP | B58: =RCOMP -> 35600 | C58: Ω | E58: Type II compensation Resistort | N58: 40 | O58: =10^(1+(N58/100)) -> 25.118864 | P58: =COMPLEX(Adc,0) -> 16.5157725627975 | Q58: =IMSUM(COMPLEX(1,0),IMDIV(COMPLEX(0,2*PI()*O58),COMPLEX(wp_lf,0))) -> 1+0.408371443454419i | R58: =IMABS(Q58) -> 1.08017 | S58: =IMARGUMENT(Q58) -> 0.38770224 | T58: =IMSUM(COMPLEX(1,0),IMDIV(COMPLEX(0,2*PI()*O58),COMPLEX(wz_esr,0))) -> 1+0.00259624558280131i | U58: =IMABS(T58) -> 1.0000034 | V58: =IMARGUMENT(T58) -> 0.0025962397 | W58: =IMSUB(COMPLEX(1,0),IMDIV(COMPLEX(0,2*PI()*O58),COMPLEX(wz_rhp,0))) -> 1-0.039456619799412i | X58: =IMABS(W58) -> 1.0007781 | Y58: =IMARGUMENT(W58) -> -0.039436163 | Z58: =IMSUM(COMPLEX(1,0),IMDIV(COMPLEX(0,2*PI()*O58),COMPLEX(Q*(wsl/2),0)),IMDIV(IMPOWER(COMPLEX(0,2*PI()*O58),2),IMPOWER(COMPLEX(wsl/2,0),2))) -> 0.999999986963691+0.000552392677191768i | AA58: =IMABS(Z58) -> 1.0000001 | AB58: =IMARGUMENT(Z58) -> 0.00055239263 | AC58: =(IMDIV(IMPRODUCT(P58,T58,W58),IMPRODUCT(Q58,Z58))) -> 13.9400468971858-6.31061857638946i | AD58: =20*LOG(IMABS(AC58)) -> 23.69492 | AE58: =(180/PI())*IMARGUMENT(AC58) -> -24.356124 | AF58: =COMPLEX($B$72,0) -> 247.084651286898 | AG58: =IMSUM(COMPLEX(1,0),IMDIV(COMPLEX(0,2*PI()*O58),COMPLEX(wp_lf_DCM,0))) -> 1+0.399357036137004i | AH58: =IMABS(AG58) -> 1.0767943 | AI58: =IMARGUMENT(AG58) -> 0.37995198 | AJ58: =IMSUM(COMPLEX(1,0),IMDIV(COMPLEX(0,2*PI()*O58),COMPLEX(wz1_dcm,0))) -> 1+0.00259624558280131i | AK58: =IMABS(AJ58) -> 1.0000034 | AL58: =IMARGUMENT(AJ58) -> 0.0025962397 | AM58: =IMSUB(COMPLEX(1,0),IMDIV(COMPLEX(0,2*PI()*O58),COMPLEX(wz2_dcm,0))) -> 1-0.00257912542896691i | AN58: =IMABS(AM58) -> 1.0000033 | AO58: =IMARGUMENT(AM58) -> -0.0025791197 | AP58: =(IMDIV(IMPRODUCT(AF58,AJ58,AM58),IMPRODUCT(AG58))) -> 213.101310486418-85.099277625527i | AQ58: =20*LOG(IMABS(AP58)) -> 47.214318 | AR58: =(180/PI())*IMARGUMENT(AP58) -> -21.768664 | AS58: =COMPLEX(Adc_ea,0) -> -0.0000166666666666667 | AT58: =COMPLEX(0,2*PI()*O58*wp0_ea) -> 5.36610029272002E-07i | AU58: =IMABS(AT58) -> 5.3661003e-07 | AV58: =IMARGUMENT(AT58) -> 1.5707963 | AW58: =IMSUM(COMPLEX(1,0),IMDIV(COMPLEX(0,2*PI()*O58),COMPLEX(wp1_ea,0))) -> 1+0.000545336905180579i | AX58: =IMABS(AW58) -> 1.0000001 | AY58: =IMARGUMENT(AW58) -> 0.00054533685 | AZ58: =IMSUM(COMPLEX(1,0),IMDIV(COMPLEX(0,2*PI()*O58),COMPLEX(wz_ea,0))) -> 1+0.0185414547761397i | BA58: =IMABS(AZ58) -> 1.0001719 | BB58: =IMARGUMENT(AZ58) -> 0.01853933 | BC58: =IMPRODUCT(AS58,IMDIV(AZ58,IMPRODUCT(AT58,AW58))) -> -0.558944470452399+31.0594832806542i | BD58: =20*LOG(IMABS(BC58)) -> 29.845291 | BE58: =(180/PI())*IMARGUMENT(BC58) -> 91.03098 | BF58: =IMPRODUCT(AC58,BC58) -> 188.212840032925+436.497938893085i | BG58: =20*LOG(IMABS(BF58)) -> 53.54021 | BH58: =(180/PI())*IMARGUMENT(BF58) -> 66.674856 | BI58: =IMPRODUCT(AP58,BC58) -> 2524.02779146326+6666.38236080668i | BJ58: =20*LOG(IMABS(BI58)) -> 77.059609 | BK58: =(180/PI())*IMARGUMENT(BI58) -> 69.262316 | BL58: =IF($B$31=0,BJ58,BG58) -> 53.54021 | BM58: =IF($B$31=0,BK58,BH58) -> 66.674856
